NOME_VIA,NOME_QUARTIERE
VIA AMBROGIO MAGENTA,Navile

AUTOSTRADA A-14 (BO-RN),Borgo Panigale - Reno
AUTOSTRADA A-14 (RN-BO),Borgo Panigale - Reno
LARGO VITTIME LAGER NAZISTI,Borgo Panigale - Reno
NOME VIA DA ISTITUIRE,Borgo Panigale - Reno
P.ZZA GIOVANNI XXIII,Borgo Panigale - Reno
PIAZZA ALDO CAPITINI,Borgo Panigale - Reno
PIAZZA CLODOVEO BONAZZI,Borgo Panigale - Reno
PIAZZA GIOVANNI BERNARDI,Borgo Panigale - Reno
PONTE RICCARDO BACCHELLI,Borgo Panigale - Reno
RACCORDO A-1 CON A-14,Borgo Panigale - Reno
RACCORDO A-14 CON A-1,Borgo Panigale - Reno
RACCORDO BORGO PANIGALE-TANGENZIALE,Borgo Panigale - Reno
RACCORDO TANGENZIALE-BORGO PANIGALE,Borgo Panigale - Reno
RAMPA TANG.USCITA DUE CASAL.-S.LAZZ.,Borgo Panigale - Reno
RAMPA TANG.USCITA DUE S.LAZZ.-CASAL.,Borgo Panigale - Reno
ROTONDA AMILCARE RONCARATI,Borgo Panigale - Reno
ROTONDA ANTONIO GASBARRINI,Borgo Panigale - Reno
ROTONDA ARISTIDE FACCIOLI,Borgo Panigale - Reno
ROTONDA BATTAGLIA DI CASTELDEBOLE,Borgo Panigale - Reno
ROTONDA BENEDETTO CROCE,Borgo Panigale - Reno
"ROTONDA DOMENICO MARACINO DETTO ""DODI""",Borgo Panigale - Reno
ROTONDA DON LIBERO NANNI,Borgo Panigale - Reno
ROTONDA FABIO TAGLIONI,Borgo Panigale - Reno
ROTONDA GIULIO PASTORE,Borgo Panigale - Reno
ROTONDA IGNAZIO MAGNANI,Borgo Panigale - Reno
ROTONDA LUCIANO ROMAGNOLI,Borgo Panigale - Reno
ROTONDA ONORATO MALAGUTI,Borgo Panigale - Reno
ROTONDA PATRIZIA VICINELLI,Borgo Panigale - Reno
TANGENZIALE CASALECCHIO-SAN LAZZARO,Borgo Panigale - Reno
TANGENZIALE SAN LAZZARO-CASALECCHIO,Borgo Panigale - Reno
VIA A. E P. LORENZETTI,Borgo Panigale - Reno
VIA ACHILLE GRANDI,Borgo Panigale - Reno
VIA ADOLFO DE CAROLIS,Borgo Panigale - Reno
VIA ADRIANO BANCHIERI,Borgo Panigale - Reno
VIA AGUCCHI,Borgo Panigale - Reno
VIA ALBERELLI,Borgo Panigale - Reno
VIA ALBERTO BERGAMINI,Borgo Panigale - Reno
VIA ALBERTO CALDA,Borgo Panigale - Reno
VIA ALBERTO EINSTEIN,Borgo Panigale - Reno
VIA ALCESTE DE AMBRIS,Borgo Panigale - Reno
VIA ALDO PIO MANUZIO,Borgo Panigale - Reno
VIA ALESSANDRO GUARDASSONI,Borgo Panigale - Reno
VIA ALESSANDRO MENGANTI,Borgo Panigale - Reno
VIA ALESSANDRO SCORZONI,Borgo Panigale - Reno
VIA ALESSANDRO TASSONI,Borgo Panigale - Reno
VIA ALFONSO SAMOGGIA,Borgo Panigale - Reno
VIA AMATORE SCIESA,Borgo Panigale - Reno
VIA AMEDEO MODIGLIANI,Borgo Panigale - Reno
VIA ANDREA MANTEGNA,Borgo Panigale - Reno
VIA ANDREA PALLADIO,Borgo Panigale - Reno
VIA ANGELO PIO',Borgo Panigale - Reno
VIA ANGELO RUFFINI,Borgo Panigale - Reno
VIA ANSELMO MARABINI,Borgo Panigale - Reno
VIA ANTONIO CANALETTO,Borgo Panigale - Reno
VIA ANTONIO CAVALIERI DUCATI,Borgo Panigale - Reno
VIA ANTONIO FOGAZZARO,Borgo Panigale - Reno
VIA ANTONIO GRAZIADEI,Borgo Panigale - Reno
VIA ANTONIO MANCINI,Borgo Panigale - Reno
VIA ARETUSI,Borgo Panigale - Reno
VIA ARGENTINA ALTOBELLI,Borgo Panigale - Reno
VIA ARIOSTO,Borgo Panigale - Reno
VIA ARISTIDE ZUCCONI,Borgo Panigale - Reno
VIA ARMANDO SARTI,Borgo Panigale - Reno
VIA ARMANDO SPADINI,Borgo Panigale - Reno
VIA ARNALDO DA BRESCIA,Borgo Panigale - Reno
VIA ARTURO COLOMBI,Borgo Panigale - Reno
VIA AUGUSTO PULEGA,Borgo Panigale - Reno
VIA BALZANI,Borgo Panigale - Reno
VIA BARTOLOMEO DA VARIGNANA,Borgo Panigale - Reno
VIA BARTOLOMEO RAMENGHI,Borgo Panigale - Reno
VIA BATTINDARNO,Borgo Panigale - Reno
VIA BENVENUTO TISI,Borgo Panigale - Reno
VIA BERNARDINO RAMAZZINI,Borgo Panigale - Reno
VIA BERRETTA ROSSA,Borgo Panigale - Reno
VIA BRIGATA BOLERO,Borgo Panigale - Reno
VIA BRUNO BENCIVENNI,Borgo Panigale - Reno
VIA BRUNO BUOZZI,Borgo Panigale - Reno
VIA BRUSCHETTI,Borgo Panigale - Reno
VIA CADUTI DI AMOLA,Borgo Panigale - Reno
VIA CADUTI DI CASTELDEBOLE,Borgo Panigale - Reno
VIA CALATAFIMI,Borgo Panigale - Reno
VIA CAMILLO PRAMPOLINI,Borgo Panigale - Reno
VIA CAMONIA,Borgo Panigale - Reno
VIA CARATON,Borgo Panigale - Reno
VIA CARLO CATTANEO,Borgo Panigale - Reno
VIA CARLO COLLODI,Borgo Panigale - Reno
VIA CARLO DICKENS,Borgo Panigale - Reno
VIA CARLO PISACANE,Borgo Panigale - Reno
VIA CASTELDEBOLE,Borgo Panigale - Reno
VIA CESARE CORRENTI,Borgo Panigale - Reno
VIA CESARE OTTAVIANO,Borgo Panigale - Reno
VIA CLAUDIO MONTEVERDI,Borgo Panigale - Reno
VIA CLAUDIO TREVES,Borgo Panigale - Reno
VIA CLELIA BARBIERI,Borgo Panigale - Reno
VIA COMMENDA,Borgo Panigale - Reno
VIA CORIOLANO VIGHI,Borgo Panigale - Reno
VIA COSTANZO VAROLIO,Borgo Panigale - Reno
VIA CRISTINA DA PIZZANO,Borgo Panigale - Reno
VIA DANTE BENAZZI,Borgo Panigale - Reno
VIA DE LA BIRRA,Borgo Panigale - Reno
VIA DECUMANA,Borgo Panigale - Reno
VIA DEL BARGELLINO,Borgo Panigale - Reno
VIA DEL BECCACCINO,Borgo Panigale - Reno
VIA DEL CAMPEGGIO,Borgo Panigale - Reno
VIA DEL CARDO,Borgo Panigale - Reno
VIA DEL CARROCCIO,Borgo Panigale - Reno
VIA DEL CERCHIO,Borgo Panigale - Reno
VIA DEL CHIU',Borgo Panigale - Reno
VIA DEL FAGGIOLO,Borgo Panigale - Reno
VIA DEL GIACINTO,Borgo Panigale - Reno
VIA DEL GIGLIO,Borgo Panigale - Reno
VIA DEL GRETO,Borgo Panigale - Reno
VIA DEL MILLIARIO,Borgo Panigale - Reno
VIA DEL PONTELUNGO,Borgo Panigale - Reno
VIA DEL TRIUMVIRATO,Borgo Panigale - Reno
VIA DEL VIVAIO,Borgo Panigale - Reno
VIA DELL'AEROPORTO,Borgo Panigale - Reno
VIA DELL'OSPEDALETTO,Borgo Panigale - Reno
VIA DELLA BARCA,Borgo Panigale - Reno
VIA DELLA BERLETA,Borgo Panigale - Reno
VIA DELLA CERTOSA,Borgo Panigale - Reno
VIA DELLA FERRIERA,Borgo Panigale - Reno
VIA DELLA FILANDA,Borgo Panigale - Reno
VIA DELLA FORNACE,Borgo Panigale - Reno
VIA DELLA GUARDIA,Borgo Panigale - Reno
VIA DELLA PIETRA,Borgo Panigale - Reno
VIA DELLA SALUTE,Borgo Panigale - Reno
VIA DELLA VIOLA,Borgo Panigale - Reno
VIA DELLE SCUOLE,Borgo Panigale - Reno
VIA DELLE SERRE,Borgo Panigale - Reno
VIA DEMETRIO MARTINELLI,Borgo Panigale - Reno
VIA DI MEZZO,Borgo Panigale - Reno
VIA DOMENICO BIANCOLELLI,Borgo Panigale - Reno
VIA DOMENICO MAJOCCHI,Borgo Panigale - Reno
VIA DOMENICO MARIA CANUTI,Borgo Panigale - Reno
VIA DON GIULIO SALMI,Borgo Panigale - Reno
VIA DON LUIGI STURZO,Borgo Panigale - Reno
VIA DONATO BRAMANTE,Borgo Panigale - Reno
VIA DOSSO DOSSI,Borgo Panigale - Reno
VIA DUCCIO DI BONINSEGNA,Borgo Panigale - Reno
VIA DUE PORTONI,Borgo Panigale - Reno
VIA EDGAR ALLAN POE,Borgo Panigale - Reno
VIA EGNAZIA,Borgo Panigale - Reno
VIA EGNAZIO DANTI,Borgo Panigale - Reno
VIA ELIO BERNARDI,Borgo Panigale - Reno
VIA ELIO BRAGAGLIA,Borgo Panigale - Reno
VIA EMILIA PONENTE,Borgo Panigale - Reno
VIA ENIO GNUDI,Borgo Panigale - Reno
VIA ENRICO DE NICOLA,Borgo Panigale - Reno
VIA ENRICO FERMI,Borgo Panigale - Reno
VIA ERCOLE DE' ROBERTI,Borgo Panigale - Reno
VIA ERCOLE GIACOMINI,Borgo Panigale - Reno
VIA ERCOLE GRAZIANI,Borgo Panigale - Reno
VIA ERCOLE NANI,Borgo Panigale - Reno
VIA ERRICO MALATESTA,Borgo Panigale - Reno
VIA ETTORE ASCOLI,Borgo Panigale - Reno
VIA EVANGELISTA TORRICELLI,Borgo Panigale - Reno
VIA FAUSTO COPPI,Borgo Panigale - Reno
VIA FEDERICO CHOPIN,Borgo Panigale - Reno
VIA FELICINA,Borgo Panigale - Reno
VIA FERDINANDO MAGELLANO,Borgo Panigale - Reno
VIA FERNANDO FORTUZZI,Borgo Panigale - Reno
VIA FILIPPO DE PISIS,Borgo Panigale - Reno
VIA FOSSA CAVA,Borgo Panigale - Reno
VIA FRANCESCO DE SANCTIS,Borgo Panigale - Reno
VIA FRANCESCO DEL COSSA,Borgo Panigale - Reno
VIA FRANCESCO GUARDI,Borgo Panigale - Reno
VIA FRANCESCO MAGNI,Borgo Panigale - Reno
VIA FRANCESCO PAOLO MICHETTI,Borgo Panigale - Reno
VIA FRANCESCO TADOLINI,Borgo Panigale - Reno
VIA FRATELLI DANDOLO,Borgo Panigale - Reno
VIA FULVIO MILANI,Borgo Panigale - Reno
VIA GALEAZZA,Borgo Panigale - Reno
VIA GARZIA FIORESI,Borgo Panigale - Reno
VIA GASTONE SOZZI,Borgo Panigale - Reno
VIA GEROLAMO SAVONAROLA,Borgo Panigale - Reno
VIA GHIARE,Borgo Panigale - Reno
VIA GIACOMO BRODOLINI,Borgo Panigale - Reno
VIA GIACOMO PALLOTTI,Borgo Panigale - Reno
VIA GIANGUIDO BORGHESE,Borgo Panigale - Reno
VIA GILDA CHIARI ALLEGRETTI,Borgo Panigale - Reno
VIA GINO CERVI,Borgo Panigale - Reno
VIA GIORGIO LA PIRA,Borgo Panigale - Reno
VIA GIORGIO MACCAFERRI,Borgo Panigale - Reno
VIA GIORGIONE,Borgo Panigale - Reno
VIA GIOTTO,Borgo Panigale - Reno
VIA GIOVANNI BOTTONELLI,Borgo Panigale - Reno
VIA GIOVANNI CHIARINI,Borgo Panigale - Reno
VIA GIOVANNI CROCIONI,Borgo Panigale - Reno
VIA GIOVANNI DOMENICO CASSINI,Borgo Panigale - Reno
VIA GIOVANNI ELKAN,Borgo Panigale - Reno
VIA GIOVANNI FATTORI,Borgo Panigale - Reno
VIA GIOVANNI GIOSEFFO DAL SOLE,Borgo Panigale - Reno
VIA GIOVANNI SEGANTINI,Borgo Panigale - Reno
VIA GIOVANNI VERGA,Borgo Panigale - Reno
VIA GIROLAMO CARDANO,Borgo Panigale - Reno
VIA GIROLAMO MERCURIALE,Borgo Panigale - Reno
VIA GIULIO MARCOVIGI,Borgo Panigale - Reno
VIA GIUNIO BRUTO,Borgo Panigale - Reno
VIA GIUSEPPE ANTONIO LANDI,Borgo Panigale - Reno
VIA GIUSEPPE DI VAGNO,Borgo Panigale - Reno
VIA GIUSEPPE DI VITTORIO,Borgo Panigale - Reno
VIA GIUSEPPE DONATI,Borgo Panigale - Reno
VIA GIUSEPPE GIACOSA,Borgo Panigale - Reno
VIA GIUSEPPE SARAGAT,Borgo Panigale - Reno
VIA GIUSEPPE TELLERA,Borgo Panigale - Reno
VIA GIUSEPPE VACCARO,Borgo Panigale - Reno
VIA GOFFREDO MAMELI,Borgo Panigale - Reno
VIA GREGORIO XIII,Borgo Panigale - Reno
VIA GUGLIELMO PEPE,Borgo Panigale - Reno
VIA GUGLIELMO PIZZIRANI,Borgo Panigale - Reno
VIA HONORE' DE BALZAC,Borgo Panigale - Reno
VIA INDRO MONTANELLI,Borgo Panigale - Reno
VIA INNOCENZO DA IMOLA,Borgo Panigale - Reno
VIA ISACCO NEWTON,Borgo Panigale - Reno
VIA JODICHE NALDI,Borgo Panigale - Reno
VIA LEGNANO,Borgo Panigale - Reno
VIA LEMONIA,Borgo Panigale - Reno
VIA LEONARDO DA VINCI,Borgo Panigale - Reno
VIA LEONE TOLSTOI,Borgo Panigale - Reno
VIA LEONELLO GROSSI,Borgo Panigale - Reno
VIA LICINIA,Borgo Panigale - Reno
VIA LINO GUCCI,Borgo Panigale - Reno
VIA LORENZO DA BAGNOMARINO,Borgo Panigale - Reno
VIA LORENZO PASINELLI,Borgo Panigale - Reno
VIA LORENZO SABATINI,Borgo Panigale - Reno
VIA LUCA A.TOSI BELLUCCI,Borgo Panigale - Reno
VIA LUIGI CAPUANA,Borgo Panigale - Reno
VIA LUIGI EINAUDI,Borgo Panigale - Reno
VIA LUIGI PASTEUR,Borgo Panigale - Reno
VIA LUIGI SETTEMBRINI,Borgo Panigale - Reno
VIA MACCAFERRO,Borgo Panigale - Reno
VIA MARCO ANTONIO,Borgo Panigale - Reno
VIA MARCO CELIO,Borgo Panigale - Reno
VIA MARCO EMILIO LEPIDO,Borgo Panigale - Reno
VIA MARTIN LUTHER KING,Borgo Panigale - Reno
VIA MASACCIO,Borgo Panigale - Reno
VIA MATTEO MARIA BOIARDO,Borgo Panigale - Reno
VIA MAURIZIO BUFALINI,Borgo Panigale - Reno
VIA MELOZZO DA FORLI',Borgo Panigale - Reno
VIA MICHELANGIOLO BUONARROTI,Borgo Panigale - Reno
VIA MICHELE CERVANTES,Borgo Panigale - Reno
VIA MICHELE MEDICI,Borgo Panigale - Reno
VIA MORAZZO,Borgo Panigale - Reno
VIA NICCOLO' COPERNICO,Borgo Panigale - Reno
VIA NICCOLO' TOMMASEO,Borgo Panigale - Reno
VIA NICOLA GOGOL,Borgo Panigale - Reno
VIA NICOLO' DELL'ABATE,Borgo Panigale - Reno
VIA NINO BERTOCCHI,Borgo Panigale - Reno
VIA NINO BIXIO,Borgo Panigale - Reno
VIA NORMANDIA,Borgo Panigale - Reno
VIA NULLO BALDINI,Borgo Panigale - Reno
VIA NUOVA BAZZANESE,Borgo Panigale - Reno
VIA OLMETOLA,Borgo Panigale - Reno
VIA PAGNO DI LAPO PORTIGIANI,Borgo Panigale - Reno
VIA PANIGALE,Borgo Panigale - Reno
VIA PAOLO BENTIVOGLIO,Borgo Panigale - Reno
VIA PAOLO NANNI COSTA,Borgo Panigale - Reno
VIA PAOLO VERONESE,Borgo Panigale - Reno
VIA PERSICETANA,Borgo Panigale - Reno
VIA PERSICETANA VECCHIA,Borgo Panigale - Reno
VIA PETRONIO FANCELLI,Borgo Panigale - Reno
VIA PIER FORTUNATO CALVI,Borgo Panigale - Reno
VIA PIERO DELLA FRANCESCA,Borgo Panigale - Reno
VIA PIERO JAHIER,Borgo Panigale - Reno
VIA PIETRO ANTONIO CATALDI,Borgo Panigale - Reno
VIA PIETRO GAMBERINI,Borgo Panigale - Reno
VIA PIETRO MILIANI,Borgo Panigale - Reno
VIA PIETRO NENNI,Borgo Panigale - Reno
VIA PIETRO PELOTTI,Borgo Panigale - Reno
VIA PINTURICCHIO,Borgo Panigale - Reno
VIA PIO PANFILI,Borgo Panigale - Reno
VIA POMPONIA,Borgo Panigale - Reno
VIA PONTE ROMANO,Borgo Panigale - Reno
VIA PONTIDA,Borgo Panigale - Reno
VIA PRATI DI CAPRARA,Borgo Panigale - Reno
VIA PUNTA,Borgo Panigale - Reno
VIA QUIRINO DI MARZIO,Borgo Panigale - Reno
VIA RAFFAELE BOMBELLI,Borgo Panigale - Reno
VIA RAFFAELLO SANZIO,Borgo Panigale - Reno
VIA RENATO FAVA,Borgo Panigale - Reno
VIA RENATO FUCINI,Borgo Panigale - Reno
VIA RICCARDO WAGNER,Borgo Panigale - Reno
VIA RIGOSA,Borgo Panigale - Reno
VIA RINALDO RIGOLA,Borgo Panigale - Reno
VIA RIZZOLA LEVANTE,Borgo Panigale - Reno
VIA ROBERTO KOCH,Borgo Panigale - Reno
VIA RONDELLA,Borgo Panigale - Reno
VIA ROSSANO MARCHIONI,Borgo Panigale - Reno
VIA ROTTA,Borgo Panigale - Reno
VIA RUGGERO GRIECO,Borgo Panigale - Reno
VIA S.AGNESE,Borgo Panigale - Reno
VIA S.SEBASTIANO,Borgo Panigale - Reno
VIA SANDRO BOTTICELLI,Borgo Panigale - Reno
VIA SANTORRE DI SANTAROSA,Borgo Panigale - Reno
VIA SEBASTIANO CABOTO,Borgo Panigale - Reno
VIA SILVESTRO LEGA,Borgo Panigale - Reno
VIA SILVIO PELLICO,Borgo Panigale - Reno
VIA SIMONE DEI CROCEFISSI,Borgo Panigale - Reno
VIA SPERANZA,Borgo Panigale - Reno
VIA SURROGAZIONE RENO,Borgo Panigale - Reno
VIA TADDEO ALDEROTTI,Borgo Panigale - Reno
VIA TELEMACO SIGNORINI,Borgo Panigale - Reno
VIA TINTORETTO,Borgo Panigale - Reno
VIA TITO AZZOLINI,Borgo Panigale - Reno
VIA TIZIANO VECELLIO,Borgo Panigale - Reno
VIA TORQUATO SECCI,Borgo Panigale - Reno
VIA TRAVERSA,Borgo Panigale - Reno
VIA TRILUSSA,Borgo Panigale - Reno
VIA UGO LA MALFA,Borgo Panigale - Reno
VIA UMBERTO BOCCIONI,Borgo Panigale - Reno
VIA UMBERTO BRUNELLI,Borgo Panigale - Reno
VIA UMBRO LORENZINI,Borgo Panigale - Reno
VIA VALERIA,Borgo Panigale - Reno
VIA VINCENZO MENGHINI,Borgo Panigale - Reno
VIA VITALE DA BOLOGNA,Borgo Panigale - Reno
VIA VITTORIA,Borgo Panigale - Reno
VIA VOLFANGO AMEDEO MOZART,Borgo Panigale - Reno
VIA WILIGELMO,Borgo Panigale - Reno
VIALE ALCIDE DE GASPERI,Borgo Panigale - Reno
VIALE GAETANO SALVEMINI,Borgo Panigale - Reno
VIALE PALMIRO TOGLIATTI,Borgo Panigale - Reno
VIALE SANDRO PERTINI,Borgo Panigale - Reno
AUTOSTRADA A-13 (BO-PD),Navile
AUTOSTRADA A-14 (BO-RN),Navile
AUTOSTRADA A-14 (RN-BO),Navile
NOME VIA DA ISTITUIRE,Navile
PASSAGGIO A. MARESCALCHI,Navile
PIAZZA DELL'UNITA',Navile
PIAZZA GIOVANNI DA VERRAZZANO,Navile
PIAZZA LIBER PARADISUS,Navile
PIAZZA MEMORIALE DELLA SHOAH,Navile
PIAZZA SERGIO VIEIRA DE MELLO,Navile
PIAZZALE ALFIO PAPPALARDO,Navile
PIAZZALE PIETRO BRUNE',Navile
PIAZZETTA DON ANTONIO GAVINELLI,Navile
RAMPA TANG.USCITA CINQUE CASALECCHIO-S.LAZZ.,Navile
RAMPA TANG.USCITA CINQUE S.LAZZ.-CASAL.,Navile
ROTONDA 35Â° REGGIMENTO FANTERIA PISTOIA,Navile
ROTONDA ALEX LANGER,Navile
ROTONDA ANTONIO LECCHI,Navile
ROTONDA ARNALDO FORNI,Navile
ROTONDA BITTISIA GOZZADINI,Navile
ROTONDA BRUNO GUALANDI,Navile
ROTONDA CONSIGLIO D'EUROPA,Navile
ROTONDA CORIOLANO MONTI,Navile
ROTONDA DEL TUSCOLANO,Navile
ROTONDA DON GIUSEPPE NOZZI,Navile
ROTONDA MARIA ADELE CROCIONI MICHELINI,Navile
ROTONDA MARTIRI DELLE FOIBE,Navile
ROTONDA PIETRO BUBANI,Navile
ROTONDA TOMMASINA GUIDI,Navile
ROTONDA VIGILI DEL FUOCO,Navile
TANGENZIALE CASALECCHIO-SAN LAZZARO,Navile
TANGENZIALE SAN LAZZARO-CASALECCHIO,Navile
VIA AGOSTINO BIGNARDI,Navile
VIA AGUCCHI,Navile
VIA ALBERTO MANZI,Navile
VIA ALCESTE GIOVANNINI,Navile
VIA ALESSANDRO ALGARDI,Navile
VIA ALESSANDRO STOPPATO,Navile
VIA ALESSANDRO TIARINI,Navile
VIA ALFONSO LOMBARDI,Navile
VIA ALFONSO TORREGGIANI,Navile
VIA ALFREDO CALZOLARI,Navile
VIA AMEDEO LIPPARINI,Navile
VIA AMERIGO VESPUCCI,Navile
VIA AMILCARE BORTOLOTTI,Navile
VIA ANDREA DA FAENZA,Navile
VIA ANDREA DA FORMIGINE,Navile
VIA ANGELO GATTI,Navile
VIA ANGELO MICHELE COLONNA,Navile
VIA ANGIOLO POLIZIANO,Navile
VIA ANTON PAVLOVIC CECHOV,Navile
VIA ANTONIO CICU,Navile
VIA ANTONIO DI VINCENZO,Navile
VIA ANTONIO GIURIOLO,Navile
VIA ANTONIOTTO USODIMARE,Navile
VIA APOSAZZA,Navile
VIA ARISTOTILE FIORAVANTI,Navile
VIA ARTURO SOLARI,Navile
VIA BARTOLOMEO PASSAROTTI,Navile
VIA BENAZZA,Navile
VIA BRUNO ARNAUD,Navile
VIA BRUNO TOSARELLI,Navile
VIA BYRON,Navile
VIA CA' ROSA,Navile
VIA CADRIANO,Navile
VIA CAMILLO PROCACCINI,Navile
VIA CARLO CIGNANI,Navile
VIA CARLO DARWIN,Navile
VIA CARLO JUSSI,Navile
VIA CARLO PORTA,Navile
VIA CASTEL BOLOGNESE,Navile
VIA CESARE ALBICINI,Navile
VIA CESARE MASINA,Navile
VIA CESENA,Navile
VIA CICERUACCHIO,Navile
VIA COLOMBAROLA,Navile
VIA CRISTOFORO COLOMBO,Navile
VIA CRISTOFORO DA BOLOGNA,Navile
VIA DALLA VOLTA,Navile
VIA DANIELE MANIN,Navile
VIA DE' CARRACCI,Navile
VIA DE' GANDOLFI,Navile
VIA DEI CALIGARI,Navile
VIA DEI FORNACIAI,Navile
VIA DEI GIARDINI,Navile
VIA DEI LAPIDARI,Navile
VIA DEI ROSASPINA,Navile
VIA DEI TERRAIOLI,Navile
VIA DEI VESTIARI,Navile
VIA DEL BATTIFERRO,Navile
VIA DEL BORDONE,Navile
VIA DEL GOMITO,Navile
VIA DEL LAZZARETTO,Navile
VIA DEL MASTELLETTA,Navile
VIA DEL NAVILE,Navile
VIA DEL PANE,Navile
VIA DEL PELAGO,Navile
VIA DEL SOLE,Navile
VIA DEL SOSTEGNAZZO,Navile
VIA DEL SOSTEGNO,Navile
VIA DEL TRAGHETTO,Navile
VIA DEL TREBBO,Navile
VIA DEL TUSCOLANO,Navile
VIA DELFINO INSOLERA,Navile
VIA DELL'ARCOVEGGIO,Navile
VIA DELLA BEVERARA,Navile
VIA DELLA CA' BIANCA,Navile
VIA DELLA CASA BUIA,Navile
VIA DELLA COOPERAZIONE,Navile
VIA DELLA CROCE COPERTA,Navile
VIA DELLA DOZZA,Navile
VIA DELLA GABELLA,Navile
VIA DELLA GRAZIA,Navile
VIA DELLA LIBERAZIONE,Navile
VIA DELLA LUNA,Navile
VIA DELLA MANIFATTURA,Navile
VIA DELLA SELVA PESCAROLA,Navile
VIA DELLE BORRE,Navile
VIA DELLE FONTI,Navile
VIA DI BERTALIA,Navile
VIA DI CORTICELLA,Navile
VIA DI ROVERETOLO,Navile
VIA DI SALICETO,Navile
VIA DIONISIO CALVART,Navile
VIA DOMENICO AIMO,Navile
VIA DOMENICO SVAMPA,Navile
VIA DOMENICO ZAMPIERI,Navile
VIA DON CARLO GNOCCHI,Navile
VIA DON GIOVANNI FIAMMELLI,Navile
VIA DON GIOVANNI FORNASINI,Navile
VIA DON GIOVANNI VERITA',Navile
VIA DON GIUSEPPE BEDETTI,Navile
VIA DONATO CRETI,Navile
VIA ELISABETTA SIRANI,Navile
VIA EMILIO ZAGO,Navile
VIA ERBOSA,Navile
VIA ETTORE ZANIBONI,Navile
VIA EZIO CESARINI,Navile
VIA FEDERIGO GUARDUCCI,Navile
VIA FERRARESE,Navile
VIA FERRUCCIO PARRI,Navile
VIA FILIPPO BENIZZI,Navile
VIA FILIPPO TERZI,Navile
VIA FORLI',Navile
VIA FRANCESCA E.DE GIOVANNI,Navile
VIA FRANCESCO ALBANI,Navile
VIA FRANCESCO ARCANGELI,Navile
VIA FRANCESCO BARBIERI,Navile
VIA FRANCESCO FLORA,Navile
VIA FRANCESCO PRIMATICCIO,Navile
VIA FRANCESCO ZAMBECCARI,Navile
VIA FRANCESCO ZANARDI,Navile
VIA FRANCO BASAGLIA,Navile
VIA FRANCO BOLOGNESE,Navile
VIA FRATELLI CERVI,Navile
VIA FRATELLI GRUPPI,Navile
VIA FRATELLI MUSI,Navile
VIA FRATELLI PINARDI,Navile
VIA GAETANO PILATI,Navile
VIA GASTONE PICCININI,Navile
VIA GENUZIO BENTINI,Navile
VIA GIACOMO MATTEOTTI,Navile
VIA GIOACCHINO G. BELLI,Navile
VIA GIORGIO BASSANI,Navile
VIA GIORGIO VASARI,Navile
VIA GIOVANNI CASONI,Navile
VIA GIOVANNI PAPINI,Navile
VIA GIULIO II,Navile
VIA GIULIO VERNE,Navile
VIA GIUSEPPE BRINI,Navile
VIA GIUSEPPE CRESPI,Navile
VIA GIUSEPPE DOSSETTI,Navile
VIA GIUSEPPE GABUSSI,Navile
VIA GIUSEPPE GIUSTI,Navile
VIA GIUSEPPE MALAGOLI,Navile
VIA GIUSEPPE MARIA MITELLI,Navile
VIA GIUSEPPE MAZZA,Navile
VIA GIUSEPPE MENGONI,Navile
VIA GIUSEPPE PARINI,Navile
VIA GIUSEPPE ROLLI,Navile
VIA GRETA GARBO,Navile
VIA IGNAZIO SILONE,Navile
VIA IMOLA,Navile
VIA JACK LONDON,Navile
VIA JACOPO DELLA QUERCIA,Navile
VIA JACOPO DI PAOLO,Navile
VIA JOHN CAGE,Navile
VIA LEONE PESCI,Navile
VIA LIONELLO SPADA,Navile
VIA LODOVICO BECCADELLI,Navile
VIA LORENZO COSTA,Navile
VIA LUCIANO MANARA,Navile
VIA LUCIANO PRONI,Navile
VIA LUGO,Navile
VIA LUIGI BERTELLI,Navile
VIA LUIGI SERRA,Navile
VIA MARC'ANTONIO RAIMONDI,Navile
VIA MARCANTONIO FRANCESCHINI,Navile
VIA MARCO POLO,Navile
VIA MARIA CALLAS,Navile
VIA MARIO DE MARIA,Navile
VIA MARIO FANTIN,Navile
VIA MARTIRI DI MONTE SOLE,Navile
VIA MARZIALE,Navile
VIA MASSIMO GORKI,Navile
VIA MICHELE GORTANI,Navile
VIA MICHELINO,Navile
VIA MOLIERE,Navile
VIA MOLINO DI PESCAROLA,Navile
VIA NATALINO CORAZZA,Navile
VIA NICOLA ZANICHELLI,Navile
VIA NICOLO' DALL'ARCA,Navile
VIA OTELLO BONVICINI,Navile
VIA OTTAVIANO MASCHERINO,Navile
VIA PAOLO FORTUNATI,Navile
VIA PAOLO FRISI,Navile
VIA PELLEGRINO TIBALDI,Navile
VIA PIERO GOBETTI,Navile
VIA PIETRO FACCINI,Navile
VIA PIETRO LIANORI,Navile
VIA RAFFAELE FACCIOLI,Navile
VIA RAFFAELE PETTAZZONI,Navile
VIA RENATO TEGA,Navile
VIA RIMINI,Navile
VIA ROBERTO LONGHI,Navile
VIA ROMITA,Navile
VIA RONCAGLIO,Navile
VIA ROSARIO,Navile
VIA S.ANNA,Navile
VIA S.SAVINO,Navile
VIA SARIO BASSANELLI,Navile
VIA SEBASTIANO SERLIO,Navile
VIA SERGIU CELIBIDACHE,Navile
VIA SIGISMONDO CAMPAGNOLI,Navile
VIA SIGMUND FREUD,Navile
VIA STALINGRADO,Navile
VIA STENDHAL,Navile
VIA TITO SPERI,Navile
VIA TORQUATO TASSO,Navile
VIA UMBERTO TERRACINI,Navile
VIA VALERIO ZURLINI,Navile
VIA VASCO DE GAMA,Navile
VIA VITTORIO ALFIERI,Navile
VIA VITTORIO BIGARI,Navile
VIA VITTORIO BOTTEGO,Navile
VIA VITTORIO LUGLI,Navile
VIA VITTORIO PEGLION,Navile
VIA WILLIAM SHAKESPEARE,Navile
VIA WOLFGANG GOETHE,Navile
VIA YURI GAGARIN,Navile
VIA ZACCARIA ZACCHI,Navile
VIALE VITTORIO SABENA,Navile
VICOLO PELLEGRINO,Navile
GALLERIA 2 AGOSTO 1980,Porto - Saragozza
GALLERIA DEL RENO,Porto - Saragozza
GALLERIA DEL TORO,Porto - Saragozza
GALLERIA FALCONE E BORSELLINO,Porto - Saragozza
GALLERIA GUGLIELMO MARCONI,Porto - Saragozza
GALLERIA UGO BASSI,Porto - Saragozza
GIARD.DECORATO VALORE CIVILE,Porto - Saragozza
LARGO BARTOLO NIGRISOLI,Porto - Saragozza
LARGO CADUTI DEL LAVORO,Porto - Saragozza
MURA DI PORTA D'AZEGLIO,Porto - Saragozza
MURA DI PORTA LAME,Porto - Saragozza
MURA DI PORTA S.FELICE,Porto - Saragozza
MURA DI PORTA SARAGOZZA,Porto - Saragozza
NOME VIA DA ISTITUIRE,Porto - Saragozza
PIAZZA ALESSANDRO VOLTA,Porto - Saragozza
PIAZZA DE' CELESTINI,Porto - Saragozza
PIAZZA DEI MARTIRI 1943-1945,Porto - Saragozza
PIAZZA DELLA PACE,Porto - Saragozza
PIAZZA DELLA RESISTENZA,Porto - Saragozza
PIAZZA DELLE MEDAGLIE D'ORO,Porto - Saragozza
PIAZZA DI PORTA S.FELICE,Porto - Saragozza
PIAZZA DI PORTA S.ISAIA,Porto - Saragozza
PIAZZA DI PORTA S.MAMOLO,Porto - Saragozza
PIAZZA DI PORTA SARAGOZZA,Porto - Saragozza
PIAZZA FRANKLIN DELANO ROOSEVELT,Porto - Saragozza
PIAZZA GALILEO,Porto - Saragozza
PIAZZA MALPIGHI,Porto - Saragozza
PIAZZA MANFREDI AZZARITA,Porto - Saragozza
PIAZZA S.FRANCESCO,Porto - Saragozza
PIAZZA VII NOVEMBRE 1944,Porto - Saragozza
PIAZZA XX SETTEMBRE,Porto - Saragozza
PIAZZALE GIOVANNI BATTISTA NASALLI ROCCA,Porto - Saragozza
PIAZZETTA ANNA MAGNANI,Porto - Saragozza
PIAZZETTA PIER PAOLO PASOLINI,Porto - Saragozza
PIAZZETTA SANTA MARIA DELLA PIOGGIA,Porto - Saragozza
ROTONDA ANGELO SCHIAVIO,Porto - Saragozza
ROTONDA FULVIO BERNARDINI,Porto - Saragozza
ROTONDA GRANATIERI DI SARDEGNA,Porto - Saragozza
ROTONDA LUCIANO ROMAGNOLI,Porto - Saragozza
VIA ALBERTO MENARINI,Porto - Saragozza
VIA ALDO CIVIDALI,Porto - Saragozza
VIA ALDO OGNIBENE,Porto - Saragozza
VIA ALESSANDRO CERVELLATI,Porto - Saragozza
VIA ALESSANDRO GUIDOTTI,Porto - Saragozza
VIA ALFREDO BERGAMI,Porto - Saragozza
VIA ALFREDO TESTONI,Porto - Saragozza
VIA ALTASETA,Porto - Saragozza
VIA AMEDEO PARMEGGIANI,Porto - Saragozza
VIA ANDREA COSTA,Porto - Saragozza
VIA ANNA FRANK,Porto - Saragozza
VIA ANNIBALE RANUZZI,Porto - Saragozza
VIA ANTONIO F. GHISELLI,Porto - Saragozza
VIA ANTONIO GRAMSCI,Porto - Saragozza
VIA ANTONIO ZANNONI,Porto - Saragozza
VIA ANTONIO ZOCCOLI,Porto - Saragozza
VIA ARRIGO LUCCHINI,Porto - Saragozza
VIA ASIAGO,Porto - Saragozza
VIA AUGUSTO AGLEBERT,Porto - Saragozza
VIA AUGUSTO MAJANI,Porto - Saragozza
VIA AURELIO SAFFI,Porto - Saragozza
VIA AVESELLA,Porto - Saragozza
VIA AZZO GARDINO,Porto - Saragozza
VIA BAINSIZZA,Porto - Saragozza
VIA BARBERIA,Porto - Saragozza
VIA BARTOLOMEO CESI,Porto - Saragozza
VIA BATTIBECCO,Porto - Saragozza
VIA BELFIORE,Porto - Saragozza
VIA BELLINZONA,Porto - Saragozza
VIA BELVEDERE,Porto - Saragozza
VIA BOCCA DI LUPO,Porto - Saragozza
VIA BRIGATE PARTIGIANE,Porto - Saragozza
VIA BRUNO MONTERUMICI,Porto - Saragozza
VIA CA' SELVATICA,Porto - Saragozza
VIA CAIROLI,Porto - Saragozza
VIA CALCAVINAZZI,Porto - Saragozza
VIA CAMILLO CASARINI,Porto - Saragozza
VIA CAPRAMOZZA,Porto - Saragozza
VIA CARAVAGGIO,Porto - Saragozza
VIA CARLO FRANCESCO DOTTI,Porto - Saragozza
VIA CARLO RUSCONI,Porto - Saragozza
VIA CARLO ZUCCHI,Porto - Saragozza
VIA CASTELFIDARDO,Porto - Saragozza
VIA CASTELLACCIO,Porto - Saragozza
VIA CESARE BATTISTI,Porto - Saragozza
VIA CESARE BOLDRINI,Porto - Saragozza
VIA CIMABUE,Porto - Saragozza
VIA COL DI LANA,Porto - Saragozza
VIA COLLEGIO DI SPAGNA,Porto - Saragozza
VIA CORSICA,Porto - Saragozza
VIA D'AZEGLIO,Porto - Saragozza
VIA DAL LINO,Porto - Saragozza
VIA DE' CARBONESI,Porto - Saragozza
VIA DE' COLTELLINI,Porto - Saragozza
VIA DE' CORIGHI,Porto - Saragozza
VIA DE' FALEGNAMI,Porto - Saragozza
VIA DE' FUSARI,Porto - Saragozza
VIA DE' GARGIOLARI,Porto - Saragozza
VIA DE' GESSI,Porto - Saragozza
VIA DE' GOMBRUTI,Porto - Saragozza
VIA DE' GRIFFONI,Porto - Saragozza
VIA DE' MONARI,Porto - Saragozza
VIA DE' PIATESI,Porto - Saragozza
VIA DE' PRETI,Porto - Saragozza
VIA DE LA BOVA,Porto - Saragozza
VIA DE MARCHI,Porto - Saragozza
VIA DEGLI AGRESTI,Porto - Saragozza
VIA DEGLI USBERTI,Porto - Saragozza
VIA DEI CARRETTIERI,Porto - Saragozza
VIA DEI FELICINI,Porto - Saragozza
VIA DEI GESSAROLI,Porto - Saragozza
VIA DEI MILLE,Porto - Saragozza
VIA DEI TERRIBILIA,Porto - Saragozza
VIA DEI TESSITORI,Porto - Saragozza
VIA DEL BORGHETTO,Porto - Saragozza
VIA DEL CARSO,Porto - Saragozza
VIA DEL CHIU',Porto - Saragozza
VIA DEL FOSSATO,Porto - Saragozza
VIA DEL GENIO,Porto - Saragozza
VIA DEL MACELLO,Porto - Saragozza
VIA DEL MELONCELLO,Porto - Saragozza
VIA DEL PARTIGIANO,Porto - Saragozza
VIA DEL PORTO,Porto - Saragozza
VIA DEL PRATELLO,Porto - Saragozza
VIA DEL RICCIO,Porto - Saragozza
VIA DEL RONDONE,Porto - Saragozza
VIA DEL TIMAVO,Porto - Saragozza
VIA DELL'ABBADIA,Porto - Saragozza
VIA DELL'ISONZO,Porto - Saragozza
VIA DELL'ORSO,Porto - Saragozza
VIA DELL'OSPEDALE,Porto - Saragozza
VIA DELLA CAVRIOLA,Porto - Saragozza
VIA DELLA CERTOSA,Porto - Saragozza
VIA DELLA CROCETTA,Porto - Saragozza
VIA DELLA GHISILIERA,Porto - Saragozza
VIA DELLA GRADA,Porto - Saragozza
VIA DELLA LIBERTA',Porto - Saragozza
VIA DELLA RONDINE,Porto - Saragozza
VIA DELLA SECCHIA,Porto - Saragozza
VIA DELLA ZECCA,Porto - Saragozza
VIA DELLE CASSE,Porto - Saragozza
VIA DELLE LAME,Porto - Saragozza
VIA DELLE TOFANE,Porto - Saragozza
VIA DELLO SCALO,Porto - Saragozza
VIA DELLO SPORT,Porto - Saragozza
VIA DI 'VILLA PARDO',Porto - Saragozza
VIA DI CASAGLIA,Porto - Saragozza
VIA DI GAIBOLA,Porto - Saragozza
VIA DI MONTE ALBANO,Porto - Saragozza
VIA DI RAVONE,Porto - Saragozza
VIA DI S.LUCA,Porto - Saragozza
VIA DOMENICO BIANCHINI,Porto - Saragozza
VIA DON GIOVANNI MINZONI,Porto - Saragozza
VIA DON LUIGI ORIONE,Porto - Saragozza
VIA DON LUIGI STURZO,Porto - Saragozza
VIA DUCCIO GALIMBERTI,Porto - Saragozza
VIA EDOARDO BRIZIO,Porto - Saragozza
VIA EMILIA PONENTE,Porto - Saragozza
VIA ENZO ZONI,Porto - Saragozza
VIA ESTRO MENABUE,Porto - Saragozza
VIA ETTORE BIDONE,Porto - Saragozza
VIA EUGENIO CURIEL,Porto - Saragozza
VIA FELICE BATTAGLIA,Porto - Saragozza
VIA FELICE CAVALLOTTI,Porto - Saragozza
VIA FERNANDO DE ROSA,Porto - Saragozza
VIA FERRUCCIO MAGNANI,Porto - Saragozza
VIA FILIPPO TURATI,Porto - Saragozza
VIA FLORIANO AMBROSINI,Porto - Saragozza
VIA FONTANINA,Porto - Saragozza
VIA FONTI DI CASAGLIA,Porto - Saragozza
VIA FRANCESCO ALBERGATI,Porto - Saragozza
VIA FRANCESCO BARACCA,Porto - Saragozza
VIA FRANCESCO ORIOLI,Porto - Saragozza
VIA FRANCESCO ORSONI,Porto - Saragozza
VIA FRANCESCO RISMONDO,Porto - Saragozza
VIA FRANCESCO RONCATI,Porto - Saragozza
VIA FRANCESCO ZANARDI,Porto - Saragozza
VIA FRASSINAGO,Porto - Saragozza
VIA FRATELLI BORDONI,Porto - Saragozza
VIA FRATELLI ROSSELLI,Porto - Saragozza
VIA GAETANO BOTTRIGARI,Porto - Saragozza
VIA GALLIERA,Porto - Saragozza
VIA GIACOMO ANTONIO PERTI,Porto - Saragozza
VIA GIACOMO LEOPARDI,Porto - Saragozza
VIA GIACOMO VENEZIAN,Porto - Saragozza
VIA GIAMBATTISTA MARTINI,Porto - Saragozza
VIA GINO ONOFRI,Porto - Saragozza
VIA GIORGIO ERCOLANI,Porto - Saragozza
VIA GIOV.BATTISTA MELLONI,Porto - Saragozza
VIA GIOVAN BATTISTA MORGAGNI,Porto - Saragozza
VIA GIOVANNI AMENDOLA,Porto - Saragozza
VIA GIOVANNI BRUGNOLI,Porto - Saragozza
VIA GIOVANNI CERBAI,Porto - Saragozza
VIA GIOVANNI LIVRAGHI,Porto - Saragozza
VIA GIOVANNI SPATARO,Porto - Saragozza
VIA GIROLAMO BORSELLI,Porto - Saragozza
VIA GIROLAMO GIACOBBI,Porto - Saragozza
VIA GIUSEPPE GALLETTI,Porto - Saragozza
VIA GIUSEPPE GRABINSKI,Porto - Saragozza
VIA GIUSEPPE PACCHIONI,Porto - Saragozza
VIA GORIZIA,Porto - Saragozza
VIA GRAZIANO,Porto - Saragozza
VIA GUGLIELMO MARCONI,Porto - Saragozza
VIA INNOCENZO MALVASIA,Porto - Saragozza
VIA IRMA BANDIERA,Porto - Saragozza
VIA IVO LOLLINI,Porto - Saragozza
VIA LEONETTO CIPRIANI,Porto - Saragozza
VIA LIBERO BATTISTELLI,Porto - Saragozza
VIA LIBERO BERGONZONI,Porto - Saragozza
VIA LIPPO DI DALMASIO,Porto - Saragozza
VIA LIVIO ZAMBECCARI,Porto - Saragozza
VIA LODOVICO BERTI,Porto - Saragozza
VIA LUIGI BREVENTANI,Porto - Saragozza
VIA LUIGI BUSI,Porto - Saragozza
VIA LUIGI CALORI,Porto - Saragozza
VIA LUIGI TANARI,Porto - Saragozza
VIA LUIGI VALERIANI,Porto - Saragozza
VIA MAGGIA,Porto - Saragozza
VIA MALPERTUSO,Porto - Saragozza
VIA MALTA,Porto - Saragozza
VIA MANZONI,Porto - Saragozza
VIA MARESCALCHI,Porto - Saragozza
VIA MARINO DALMONTE,Porto - Saragozza
VIA MARIO BASTIA,Porto - Saragozza
VIA MARIO FINZI,Porto - Saragozza
VIA MARZABOTTO,Porto - Saragozza
VIA MILAZZO,Porto - Saragozza
VIA MONALDO CALARI,Porto - Saragozza
VIA MONDINO DE LIUZZI,Porto - Saragozza
VIA MONTE GRAPPA,Porto - Saragozza
VIA MONTEBELLO,Porto - Saragozza
VIA MONTEFIORINO,Porto - Saragozza
VIA MONTELLO,Porto - Saragozza
VIA MONTENERO,Porto - Saragozza
VIA NAZARIO SAURO,Porto - Saragozza
VIA NINO BIXIO SCOTA,Porto - Saragozza
VIA NINO NANNETTI,Porto - Saragozza
VIA NOSADELLA,Porto - Saragozza
VIA ODONE BELLUZZI,Porto - Saragozza
VIA OLEARI,Porto - Saragozza
VIA OLINDO GUERRINI,Porto - Saragozza
VIA ORESTE VANCINI,Porto - Saragozza
VIA OSLAVIA,Porto - Saragozza
VIA PADRE FRANCESCO GRIMALDI,Porto - Saragozza
VIA PALESTRO,Porto - Saragozza
VIA PAOLO BOVI CAMPEGGI,Porto - Saragozza
VIA PAOLO DORE,Porto - Saragozza
VIA PAOLO G. MARTINI,Porto - Saragozza
VIA PARADISO,Porto - Saragozza
VIA PARIDE PASQUALI,Porto - Saragozza
VIA PARIGI,Porto - Saragozza
VIA PASQUALE MURATORI,Porto - Saragozza
VIA PASTRENGO,Porto - Saragozza
VIA PASUBIO,Porto - Saragozza
VIA PELLEGRINO ROSSI,Porto - Saragozza
VIA PIAVE,Porto - Saragozza
VIA PIER ANTONIO RAPPINI,Porto - Saragozza
VIA PIER DE' CRESCENZI,Porto - Saragozza
VIA PIER JACOPO MARTELLO,Porto - Saragozza
VIA PIETRALATA,Porto - Saragozza
VIA PIETRO BURGATTI,Porto - Saragozza
VIA PIETRO BUSACCHI,Porto - Saragozza
VIA PIETRO CANTINELLI,Porto - Saragozza
VIA PIETRO DE COUBERTIN,Porto - Saragozza
VIA PIETRO INVITI,Porto - Saragozza
VIA PODGORA,Porto - Saragozza
VIA POLESE,Porto - Saragozza
VIA POMPEO SCIPIONE DOLFI,Porto - Saragozza
VIA PORRETTANA,Porto - Saragozza
VIA PORTA DI CASTELLO,Porto - Saragozza
VIA PORTANOVA,Porto - Saragozza
VIA PRATI DI CAPRARA,Porto - Saragozza
VIA PROSPERO FONTANA,Porto - Saragozza
VIA QUATTRO NOVEMBRE,Porto - Saragozza
VIA RAGAZZI DEL '99,Porto - Saragozza
VIA RINO RUSCELLO,Porto - Saragozza
VIA RIVA DI RENO,Porto - Saragozza
VIA RODOLFO AUDINOT,Porto - Saragozza
VIA S.CARLO,Porto - Saragozza
VIA S.CATERINA,Porto - Saragozza
VIA S.CROCE,Porto - Saragozza
VIA S.FELICE,Porto - Saragozza
VIA S.GERVASIO,Porto - Saragozza
VIA S.GIORGIO,Porto - Saragozza
VIA S.GIUSEPPE,Porto - Saragozza
VIA S.ISAIA,Porto - Saragozza
VIA S.LORENZO,Porto - Saragozza
VIA S.MARCELLINO,Porto - Saragozza
VIA S.MARGHERITA,Porto - Saragozza
VIA S.MARIA MAGGIORE,Porto - Saragozza
VIA S.PROCOLO,Porto - Saragozza
VIA SABOTINO,Porto - Saragozza
VIA SACCO E VANZETTI,Porto - Saragozza
VIA SAN PIO V,Porto - Saragozza
VIA SAN ROCCO,Porto - Saragozza
VIA SAN VALENTINO,Porto - Saragozza
VIA SARAGOZZA,Porto - Saragozza
VIA SCHIAVONIA,Porto - Saragozza
VIA SENZANOME,Porto - Saragozza
VIA STANISLAO MATTEI,Porto - Saragozza
VIA STRAZZACAPPE,Porto - Saragozza
VIA TAGLIAPIETRE,Porto - Saragozza
VIA TANARI VECCHIA,Porto - Saragozza
VIA TOLMINO,Porto - Saragozza
VIA TULLIO LEVI CIVITA,Porto - Saragozza
VIA UGO BASSI,Porto - Saragozza
VIA UGO FOSCOLO,Porto - Saragozza
VIA UGO LENZI,Porto - Saragozza
VIA URBANA,Porto - Saragozza
VIA VAL D'APOSA,Porto - Saragozza
VIA VALDOSSOLA,Porto - Saragozza
VIA VALLE DI PREDA,Porto - Saragozza
VIA VITO VOLTERRA,Porto - Saragozza
VIA VITTORIO VENETO,Porto - Saragozza
VIA VOLONTARI DELLA LIBERTA',Porto - Saragozza
VIA VOLTO SANTO,Porto - Saragozza
VIA VOLTURNO,Porto - Saragozza
VIA XXI APRILE 1945,Porto - Saragozza
VIALE ANTONIO ALDINI,Porto - Saragozza
VIALE ANTONIO SILVANI,Porto - Saragozza
VIALE CARLO PEPOLI,Porto - Saragozza
VIALE DEL RISORGIMENTO,Porto - Saragozza
VIALE GIOVANNI VICINI,Porto - Saragozza
VIALE M. KARAMCHAND GANDHI,Porto - Saragozza
VIALE PIETRO PIETRAMELLARA,Porto - Saragozza
VIALE SANDRO PERTINI,Porto - Saragozza
VIALE VITTORIO SABENA,Porto - Saragozza
VICOLO CAREGA,Porto - Saragozza
VICOLO DEGLI ARIOSTI,Porto - Saragozza
VICOLO DELLA NEVE,Porto - Saragozza
VICOLO GANGAIOLO,Porto - Saragozza
VICOLO GHIRLANDA,Porto - Saragozza
VICOLO OLANDA,Porto - Saragozza
VICOLO OTTO COLONNE,Porto - Saragozza
VICOLO PAGLIA CORTA,Porto - Saragozza
VICOLO QUARTIROLO,Porto - Saragozza
VICOLO S.ARCANGELO,Porto - Saragozza
VICOLO SPIRITO SANTO,Porto - Saragozza
VICOLO STRADELLACCIO,Porto - Saragozza
VICOLO URBAGA,Porto - Saragozza
AUTOSTRADA A-14 (BO-RN),San Donato - San Vitale
AUTOSTRADA A-14 (RN-BO),San Donato - San Vitale
GALLERIA VIALARGA,San Donato - San Vitale
LARGO GIOV. IGNAZIO MOLINA,San Donato - San Vitale
NOME VIA DA ISTITUIRE,San Donato - San Vitale
PIAZZA ADAM MICKIEWICZ,San Donato - San Vitale
PIAZZA DEI COLORI,San Donato - San Vitale
PIAZZA DELLA COSTITUZIONE,San Donato - San Vitale
PIAZZA DI PORTA S.DONATO,San Donato - San Vitale
PIAZZA DI PORTA S.VITALE,San Donato - San Vitale
PIAZZA GIOVANNI SPADOLINI,San Donato - San Vitale
PIAZZA GIUSEPPE LIPPARINI,San Donato - San Vitale
PIAZZA LA VENETA,San Donato - San Vitale
PIAZZA RENZO IMBENI,San Donato - San Vitale
PIAZZETTA CARLO MUSI,San Donato - San Vitale
RAMPA TANG.USCITA DIECI CASAL.-S.LAZZARO,San Donato - San Vitale
RAMPA TANG.USCITA DIECI S.LAZZARO-CASAL.,San Donato - San Vitale
RAMPA TANG.USCITA DODICI CASAL.-S.LAZZARO,San Donato - San Vitale
RAMPA TANG.USCITA DODICI S.LAZZARO-CASAL.,San Donato - San Vitale
RAMPA TANG.USCITA OTTO CASAL.-S.LAZZ.,San Donato - San Vitale
RAMPA TANG.USCITA OTTO S.LAZZ.-CASAL.,San Donato - San Vitale
RAMPA TANG.USCITA UNDICI-BIS CASAL.-S.LAZZ,San Donato - San Vitale
ROTONDA ACQUA FRESCA,San Donato - San Vitale
ROTONDA ALEARDO DONATI,San Donato - San Vitale
ROTONDA ARMANDO GAGLIANI,San Donato - San Vitale
ROTONDA ARMANDO GHEDINI,San Donato - San Vitale
ROTONDA AUGUSTO BARONI,San Donato - San Vitale
ROTONDA CESARE MALOSSI,San Donato - San Vitale
ROTONDA DANTE CANE',San Donato - San Vitale
ROTONDA DELLA LEONA,San Donato - San Vitale
ROTONDA DI VILLANOVA,San Donato - San Vitale
ROTONDA ELENA LUCREZIA CORNER PISCOPIA,San Donato - San Vitale
ROTONDA ENRICO BRUNETTI RODATI,San Donato - San Vitale
ROTONDA ENRICO DE ANGELI,San Donato - San Vitale
ROTONDA GINO CALARI,San Donato - San Vitale
ROTONDA GIOVANNI SABADINO DEGLI ARIENTI,San Donato - San Vitale
ROTONDA GIUSEPPE ANTONIO TORRI,San Donato - San Vitale
ROTONDA GIUSEPPE GOZZETTI,San Donato - San Vitale
ROTONDA GIUSEPPE MODONESI,San Donato - San Vitale
ROTONDA ITALIA,San Donato - San Vitale
ROTONDA LAVORATORI LICENZIATI PER RAPPRESAGLIA,San Donato - San Vitale
ROTONDA LEONE PANCALDI,San Donato - San Vitale
ROTONDA LEONILDO MARCHESELLI,San Donato - San Vitale
ROTONDA LUCHINO VISCONTI,San Donato - San Vitale
ROTONDA LUIGI POLACCHI,San Donato - San Vitale
ROTONDA MADRE TERESA DI CALCUTTA,San Donato - San Vitale
ROTONDA NEGRONI,San Donato - San Vitale
ROTONDA PIETRO GHERARDINI,San Donato - San Vitale
ROTONDA ROMANO PARADISI,San Donato - San Vitale
ROTONDA SABINA SANTILLI,San Donato - San Vitale
ROTONDA SANT'EGIDIO,San Donato - San Vitale
ROTONDA SANTE BENTIVOGLIO,San Donato - San Vitale
ROTONDA SANTE MINGAZZI,San Donato - San Vitale
ROTONDA TAXISTI VITTIME STRAGE 2 AGOSTO 1980,San Donato - San Vitale
TANGENZIALE CASALECCHIO-SAN LAZZARO,San Donato - San Vitale
TANGENZIALE SAN LAZZARO-CASALECCHIO,San Donato - San Vitale
VIA ADA NEGRI,San Donato - San Vitale
VIA ADELAIDE RISTORI,San Donato - San Vitale
VIA AGOSTINO BARELLI,San Donato - San Vitale
VIA ALBERTO TRAUZZI,San Donato - San Vitale
VIA ALESSANDRO TARTAGNI,San Donato - San Vitale
VIA ALFIERI MASERATI,San Donato - San Vitale
VIA ALFREDO CALZONI,San Donato - San Vitale
VIA ALFREDO PANZINI,San Donato - San Vitale
VIA AMALIA BETTINI,San Donato - San Vitale
VIA ANDREA DEL VERROCCHIO,San Donato - San Vitale
VIA ANGELO BEOLCO,San Donato - San Vitale
VIA ANGELO MUSCO,San Donato - San Vitale
VIA ANGELO VENTUROLI,San Donato - San Vitale
VIA ANNA GRASSETTI,San Donato - San Vitale
VIA ANTONIO BONDI,San Donato - San Vitale
VIA ANTONIO CANOVA,San Donato - San Vitale
VIA ANTONIO GANDUSIO,San Donato - San Vitale
VIA ANTONIO LEVANTI,San Donato - San Vitale
VIA ANTONIO MEUCCI,San Donato - San Vitale
VIA ANTONIO ZANOLINI,San Donato - San Vitale
VIA ARDUINO ARRIGUZZI,San Donato - San Vitale
VIA ARGIA MAGAZZARI,San Donato - San Vitale
VIA ARTURO GAZZONI,San Donato - San Vitale
VIA ATHOS BELLETTINI,San Donato - San Vitale
VIA AUGUSTO GALLI,San Donato - San Vitale
VIA AUGUSTO POLLASTRI,San Donato - San Vitale
VIA AZZURRA,San Donato - San Vitale
VIA BALDA,San Donato - San Vitale
VIA BALDASSARRE AZZOGUIDI,San Donato - San Vitale
VIA BARTOLOMEO PROVAGLIA,San Donato - San Vitale
VIA BARTOLOMEO TRIACHINI,San Donato - San Vitale
VIA BASSA DEI SASSI,San Donato - San Vitale
VIA BENVENUTO CELLINI,San Donato - San Vitale
VIA BONAVENTURA CAVALIERI,San Donato - San Vitale
VIA BRUNO LANZARINI,San Donato - San Vitale
VIA CADRIANO,San Donato - San Vitale
VIA CADUTI DELLA VIA FANI,San Donato - San Vitale
VIA CALAMOSCO,San Donato - San Vitale
VIA CAMILLO RANZANI,San Donato - San Vitale
VIA CARLO ALBERTO PIZZARDI,San Donato - San Vitale
VIA CARLO GOLDONI,San Donato - San Vitale
VIA CARLOTTA MARCHIONNI,San Donato - San Vitale
VIA CASTELMERLO,San Donato - San Vitale
VIA CERODOLO,San Donato - San Vitale
VIA CESARE GNUDI,San Donato - San Vitale
VIA CHIESA CALAMOSCO,San Donato - San Vitale
VIA CHIUSA,San Donato - San Vitale
VIA CINCINNATO BARUZZI,San Donato - San Vitale
VIA CLETO TOMBA,San Donato - San Vitale
VIA CORRADO MASETTI,San Donato - San Vitale
VIA CORRADO RICCI,San Donato - San Vitale
VIA CRISTINA CAMPO,San Donato - San Vitale
VIA CROCIALI,San Donato - San Vitale
VIA CROCIONE,San Donato - San Vitale
VIA DEGLI ACERI,San Donato - San Vitale
VIA DEGLI OLMI,San Donato - San Vitale
VIA DEGLI STRADELLI GUELFI,San Donato - San Vitale
VIA DEI GELSI,San Donato - San Vitale
VIA DEI GRACCHI,San Donato - San Vitale
VIA DEI MACERI,San Donato - San Vitale
VIA DEL BARROCCIO,San Donato - San Vitale
VIA DEL BATTIRAME,San Donato - San Vitale
VIA DEL CARPENTIERE,San Donato - San Vitale
VIA DEL CARROZZAIO,San Donato - San Vitale
VIA DEL CERAMISTA,San Donato - San Vitale
VIA DEL COMMERCIO ASSOCIATO,San Donato - San Vitale
VIA DEL CONCIATORE,San Donato - San Vitale
VIA DEL DECORATORE,San Donato - San Vitale
VIA DEL FERROVIERE,San Donato - San Vitale
VIA DEL FONDITORE,San Donato - San Vitale
VIA DEL FRESATORE,San Donato - San Vitale
VIA DEL GOMITO,San Donato - San Vitale
VIA DEL LAVORO,San Donato - San Vitale
VIA DEL LEGATORE,San Donato - San Vitale
VIA DEL LITOGRAFO,San Donato - San Vitale
VIA DEL MOBILIERE,San Donato - San Vitale
VIA DEL MURATORE,San Donato - San Vitale
VIA DEL PARCO,San Donato - San Vitale
VIA DEL PILASTRO,San Donato - San Vitale
VIA DEL SELCIATORE,San Donato - San Vitale
VIA DEL TAPPEZZIERE,San Donato - San Vitale
VIA DEL TERRAPIENO,San Donato - San Vitale
VIA DEL TIPOGRAFO,San Donato - San Vitale
VIA DEL TORNITORE,San Donato - San Vitale
VIA DEL VETRAIO,San Donato - San Vitale
VIA DELL'ARCOBALENO,San Donato - San Vitale
VIA DELL'ARGINE,San Donato - San Vitale
VIA DELL'ARTIGIANO,San Donato - San Vitale
VIA DELL'ELETTRICISTA,San Donato - San Vitale
VIA DELL'IDRAULICO,San Donato - San Vitale
VIA DELL'INCISORE,San Donato - San Vitale
VIA DELL'INDUSTRIA,San Donato - San Vitale
VIA DELL'INTAGLIATORE,San Donato - San Vitale
VIA DELLA CAMPAGNA,San Donato - San Vitale
VIA DELLA CANAPA,San Donato - San Vitale
VIA DELLA CENTRALINISTA,San Donato - San Vitale
VIA DELLA CESOIA,San Donato - San Vitale
VIA DELLA CONCORDIA,San Donato - San Vitale
VIA DELLA LIBERA PROFESSIONE,San Donato - San Vitale
VIA DELLA RAMPA,San Donato - San Vitale
VIA DELLA SALITA,San Donato - San Vitale
VIA DELLA TORRETTA,San Donato - San Vitale
VIA DELLA VILLA,San Donato - San Vitale
VIA DELLE BISCE,San Donato - San Vitale
VIA DELLE RUOTE,San Donato - San Vitale
VIA DELLE VITI,San Donato - San Vitale
VIA DELLO SMISTAMENTO,San Donato - San Vitale
VIA DELLO SPIRAGLIO,San Donato - San Vitale
VIA DELLO STALLO,San Donato - San Vitale
VIA DINO CAMPANA,San Donato - San Vitale
VIA DONATELLO,San Donato - San Vitale
VIA DUE MADONNE,San Donato - San Vitale
VIA EDMONDO DE AMICIS,San Donato - San Vitale
VIA EDOARDO COLLAMARINI,San Donato - San Vitale
VIA EDOARDO FERRAVILLA,San Donato - San Vitale
VIA EDOARDO WEBER,San Donato - San Vitale
VIA ELEONORA DUSE,San Donato - San Vitale
VIA EMILIO SALGARI,San Donato - San Vitale
VIA EMILIO ZAGO,San Donato - San Vitale
VIA ENEA STEFANI,San Donato - San Vitale
VIA ENRICO BERLINGUER,San Donato - San Vitale
VIA ENRICO CAPELLI,San Donato - San Vitale
VIA ENRICO FERRI,San Donato - San Vitale
VIA ENRICO MATTEI,San Donato - San Vitale
VIA ENZO FERRARI,San Donato - San Vitale
VIA ERMANNO GALEOTTI,San Donato - San Vitale
VIA ERMETE NOVELLI,San Donato - San Vitale
VIA ERMETE ZACCONI,San Donato - San Vitale
VIA ETTORE PETROLINI,San Donato - San Vitale
VIA EUSTACHIO MANFREDI,San Donato - San Vitale
VIA EVARISTO GUIZZARDI,San Donato - San Vitale
VIA FAUSTINO MALAGUTI,San Donato - San Vitale
VIA FERNANDO FELICORI,San Donato - San Vitale
VIA FERRUCCIO BENINI,San Donato - San Vitale
VIA FERRUCCIO GARAVAGLIA,San Donato - San Vitale
VIA FILIPPO ANTOLINI,San Donato - San Vitale
VIA FILIPPO BEROALDO,San Donato - San Vitale
VIA FILIPPO E ANGELO CUCCOLI,San Donato - San Vitale
VIA FILIPPO SCHIASSI,San Donato - San Vitale
VIA FOSSOLO,San Donato - San Vitale
VIA FRABAZZA,San Donato - San Vitale
VIA FRANCESCO BARTOLI,San Donato - San Vitale
VIA FRANCESCO FANTONI,San Donato - San Vitale
VIA FRANCESCO ROCCHI,San Donato - San Vitale
VIA FRANCESCO SABATUCCI,San Donato - San Vitale
VIA FRANCESCO ZAMBECCARI,San Donato - San Vitale
VIA FRANCOFORTE,San Donato - San Vitale
VIA FRATELLI CARPIGIANI,San Donato - San Vitale
VIA GABRIELE D'ANNUNZIO,San Donato - San Vitale
VIA GALEAZZO MARESCOTTI,San Donato - San Vitale
VIA GASPARE UNGARELLI,San Donato - San Vitale
VIA GASTONE ROSSI,San Donato - San Vitale
VIA GHERARDO GHERARDI,San Donato - San Vitale
VIA GIACINTA PEZZANA,San Donato - San Vitale
VIA GIACOMO CIAMICIAN,San Donato - San Vitale
VIA GIAMBATTISTA VICO,San Donato - San Vitale
VIA GIAMBOLOGNA,San Donato - San Vitale
VIA GIAN LUIGI PROTCHE,San Donato - San Vitale
VIA GIANNI PALMIERI,San Donato - San Vitale
VIA GIORGIO CENCETTI,San Donato - San Vitale
VIA GIOVAN BATTISTA MARTINETTI,San Donato - San Vitale
VIA GIOVANNA ZACCHERINI ALVISI,San Donato - San Vitale
VIA GIOVANNI ANTONIO SACCO,San Donato - San Vitale
VIA GIOVANNI BERTINI,San Donato - San Vitale
VIA GIOVANNI EMANUEL,San Donato - San Vitale
VIA GIOVANNI GARZONI,San Donato - San Vitale
VIA GIOVANNI LORENZO BERNINI,San Donato - San Vitale
VIA GIOVANNI NATALI,San Donato - San Vitale
VIA GIROLAMO CURTI,San Donato - San Vitale
VIA GIULIO ALBERONI,San Donato - San Vitale
VIA GIUSEPPE BENTIVOGLI,San Donato - San Vitale
VIA GIUSEPPE CENERI,San Donato - San Vitale
VIA GIUSEPPE CERI,San Donato - San Vitale
VIA GIUSEPPE GIOANNETTI,San Donato - San Vitale
VIA GIUSEPPE MASSARENTI,San Donato - San Vitale
VIA GIUSEPPE MINGANTI,San Donato - San Vitale
VIA GIUSEPPE RIVANI,San Donato - San Vitale
VIA GIUSEPPE TARTINI,San Donato - San Vitale
VIA GRAZIA DELEDDA,San Donato - San Vitale
VIA GUELFA,San Donato - San Vitale
VIA GUIDO GOZZANO,San Donato - San Vitale
VIA GUSTAVO MODENA,San Donato - San Vitale
VIA HENGHEL GUALDI,San Donato - San Vitale
VIA ILIO BARONTINI,San Donato - San Vitale
VIA ISABELLA ANDREINI,San Donato - San Vitale
VIA ITALO SVEVO,San Donato - San Vitale
VIA KHARKOV,San Donato - San Vitale
VIA LARGA,San Donato - San Vitale
VIA LAURA BETTI,San Donato - San Vitale
VIA LELIO DALLA VOLPE,San Donato - San Vitale
VIA LEONIDA BERTOLAZZI,San Donato - San Vitale
VIA LEOPOLDO FREGOLI,San Donato - San Vitale
VIA LIBIA,San Donato - San Vitale
VIA LICINIO CAPPELLI,San Donato - San Vitale
VIA LINO SIGHINOLFI,San Donato - San Vitale
VIA LODOVICO FRATI,San Donato - San Vitale
VIA LORENZO GHIBERTI,San Donato - San Vitale
VIA LUCA DELLA ROBBIA,San Donato - San Vitale
VIA LUCIANO TOSO MONTANARI,San Donato - San Vitale
VIA LUIGI BALUGANI,San Donato - San Vitale
VIA LUIGI NEGRELLI,San Donato - San Vitale
VIA LUIGI PIRANDELLO,San Donato - San Vitale
VIA LUIGI RASI,San Donato - San Vitale
VIA LUIGI RICCOBONI,San Donato - San Vitale
VIA LUIGI VESTRI,San Donato - San Vitale
VIA LUIGINA FASOLI,San Donato - San Vitale
VIA LYDA BORELLI,San Donato - San Vitale
VIA MAESTRI DEL LAVORO,San Donato - San Vitale
VIA MARIA GAETANA AGNESI,San Donato - San Vitale
VIA MARIA MELATO,San Donato - San Vitale
VIA MARIO MUSOLESI,San Donato - San Vitale
VIA MARTIRI CROCE DEL BIACCO,San Donato - San Vitale
VIA MASSENZIO MASIA,San Donato - San Vitale
VIA MAURIZIO PADOA,San Donato - San Vitale
VIA MAZZINI,San Donato - San Vitale
VIA MICHELINO,San Donato - San Vitale
VIA MONDO,San Donato - San Vitale
VIA NICCOLO' MACHIAVELLI,San Donato - San Vitale
VIA NICOLO' PISANO,San Donato - San Vitale
VIA NUOVA,San Donato - San Vitale
VIA ONDINA VALLA,San Donato - San Vitale
VIA ORESTE REGNOLI,San Donato - San Vitale
VIA ORESTE TREBBI,San Donato - San Vitale
VIA PALLAVICINI,San Donato - San Vitale
VIA PAOLO CANALI,San Donato - San Vitale
VIA PAOLO FABBRI,San Donato - San Vitale
VIA PELAGIO PALAGI,San Donato - San Vitale
VIA PIANA,San Donato - San Vitale
VIA PIETRO ALBERTONI,San Donato - San Vitale
VIA PIETRO FIORINI,San Donato - San Vitale
VIA PIETRO LORETA,San Donato - San Vitale
VIA PIETRO MAINOLDI,San Donato - San Vitale
VIA PIETRO MENGOLI,San Donato - San Vitale
VIA PIO CARLO FALLETTI,San Donato - San Vitale
VIA PIOPPE,San Donato - San Vitale
VIA PIRATINO,San Donato - San Vitale
VIA POMPEO VIZZANI,San Donato - San Vitale
VIA PROPERZIA DE ROSSI,San Donato - San Vitale
VIA QUARTO DI SOPRA,San Donato - San Vitale
VIA RENATO SIMONI,San Donato - San Vitale
VIA RIMESSE,San Donato - San Vitale
VIA RINO PANCALDI,San Donato - San Vitale
VIA ROMANO BONAGA,San Donato - San Vitale
VIA ROMITA,San Donato - San Vitale
VIA ROMOLO AMASEO,San Donato - San Vitale
VIA RUGGERO RUGGERI,San Donato - San Vitale
VIA S.DONATO,San Donato - San Vitale
VIA S.MARIA,San Donato - San Vitale
VIA S.NICOLO' DI VILLOLA,San Donato - San Vitale
VIA S.RITA,San Donato - San Vitale
VIA SAN DONNINO,San Donato - San Vitale
VIA SAN PIER TOMMASO,San Donato - San Vitale
VIA SANTA CATERINA DI QUARTO,San Donato - San Vitale
VIA SANTE VINCENZI,San Donato - San Vitale
VIA SCANDELLARA,San Donato - San Vitale
VIA SCIPIONE DAL FERRO,San Donato - San Vitale
VIA SCIPIONE INNOCENTI,San Donato - San Vitale
VIA SERAFINO CALINDRI,San Donato - San Vitale
VIA SERAGNOLI,San Donato - San Vitale
VIA SERENA,San Donato - San Vitale
VIA SMERALDO,San Donato - San Vitale
VIA SPARTACO,San Donato - San Vitale
VIA STALINGRADO,San Donato - San Vitale
VIA STAZIONE ROVERI,San Donato - San Vitale
VIA STEFANO BOTTARI,San Donato - San Vitale
VIA TAZIO NUVOLARI,San Donato - San Vitale
VIA TIBERIO FIORILLI,San Donato - San Vitale
VIA TOMMASO CASINI,San Donato - San Vitale
VIA TOMMASO MARTELLI,San Donato - San Vitale
VIA TOMMASO SALVINI,San Donato - San Vitale
VIA TRATTATI COMUNITARI EUROPEI 1957-2007,San Donato - San Vitale
VIA TULLO GOLFARELLI,San Donato - San Vitale
VIA TURCHESE,San Donato - San Vitale
VIA VALPARAISO,San Donato - San Vitale
VIA VERDE,San Donato - San Vitale
VIA VERMIGLIA,San Donato - San Vitale
VIA VEZZA,San Donato - San Vitale
VIA VIADAGOLA,San Donato - San Vitale
VIA VILLANOVA,San Donato - San Vitale
VIA VINCENZO CASCIAROLO,San Donato - San Vitale
VIA VINCENZO VELA,San Donato - San Vitale
VIA VIRGINIA MARINI,San Donato - San Vitale
VIA VIRGINIA REITER,San Donato - San Vitale
VIALE ALDO MORO,San Donato - San Vitale
VIALE CARLO BERTI PICHAT,San Donato - San Vitale
VIALE DELLA FIERA,San Donato - San Vitale
VIALE DELLA REPUBBLICA,San Donato - San Vitale
VIALE EUROPA,San Donato - San Vitale
VIALE GIAN BATTISTA ERCOLANI,San Donato - San Vitale
VIALE GIOVANNI II BENTIVOGLIO,San Donato - San Vitale
VIALE GIUSEPPE FANIN,San Donato - San Vitale
VIALE ILIC ULJANOV LENIN,San Donato - San Vitale
VIALE QUIRICO FILOPANTI,San Donato - San Vitale
VIALE ROBERTO VIGHI,San Donato - San Vitale
VIALE TITO CARNACINI,San Donato - San Vitale
VIALE ZAGABRIA,San Donato - San Vitale
VICOLO DEI PRATI,San Donato - San Vitale
VICOLO DEL PASSO,San Donato - San Vitale
CORTE DE' GALLUZZI,Santo Stefano
CORTE ISOLANI,Santo Stefano
GALLERIA CAVOUR,Santo Stefano
GALLERIA DEI NOTAI,Santo Stefano
GALLERIA DEL LEONE,Santo Stefano
GALLERIA DEL PINCIO,Santo Stefano
GALLERIA DUE TORRI,Santo Stefano
GALLERIA GIOVANNI ACQUADERNI,Santo Stefano
LA CASTIGLIA,Santo Stefano
LARGO ALFREDO TROMBETTI,Santo Stefano
LARGO CARD. GIACOMO LERCARO,Santo Stefano
LARGO DEMETRIO PRESINI,Santo Stefano
LARGO GIULIANO BENASSI,Santo Stefano
LARGO MARIELE VENTRE,Santo Stefano
LARGO RESPIGHI,Santo Stefano
LARGO VITTORIO EMANUELE II,Santo Stefano
LOCALITA' CASTELL'ARIENTI,Santo Stefano
MURA ANTEO ZAMBONI,Santo Stefano
MURA DI PORTA CASTIGLIONE,Santo Stefano
MURA DI PORTA GALLIERA,Santo Stefano
MURA DI PORTA S.VITALE,Santo Stefano
NOME VIA DA ISTITUIRE,Santo Stefano
P.ZZA S.GIOVANNI IN MONTE,Santo Stefano
PASSAGGIO ALFONSINA MORINI,Santo Stefano
PASSAGGIO CLAUDIA TESTONI,Santo Stefano
PASSAGGIO ERMANNA ORSONI,Santo Stefano
PASSAGGIO GIORGIO NERI,Santo Stefano
PASSAGGIO GIUSEPPE DORDONI,Santo Stefano
PASSAGGIO TARQUINIO PROVINI,Santo Stefano
PASSAGGIO VELLEDA CESARI,Santo Stefano
PIAZZA ALDROVANDI,Santo Stefano
PIAZZA ANTONINO SCARAVILLI,Santo Stefano
PIAZZA CALDERINI,Santo Stefano
PIAZZA CAVOUR,Santo Stefano
PIAZZA DEI TRIBUNALI,Santo Stefano
PIAZZA DEL BARACCANO,Santo Stefano
PIAZZA DEL FRANCIA,Santo Stefano
PIAZZA DEL NETTUNO,Santo Stefano
PIAZZA DELL'OTTO AGOSTO,Santo Stefano
PIAZZA DELLA MERCANZIA,Santo Stefano
PIAZZA DI PORTA CASTIGLIONE,Santo Stefano
PIAZZA DI PORTA MAGGIORE,Santo Stefano
PIAZZA DI PORTA MASCARELLA,Santo Stefano
PIAZZA DI PORTA S.DONATO,Santo Stefano
PIAZZA DI PORTA S.MAMOLO,Santo Stefano
PIAZZA DI PORTA S.STEFANO,Santo Stefano
PIAZZA DI PORTA S.VITALE,Santo Stefano
PIAZZA GALVANI,Santo Stefano
PIAZZA GIOSUE' CARDUCCI,Santo Stefano
PIAZZA GIUSEPPE VERDI,Santo Stefano
PIAZZA MAGGIORE,Santo Stefano
PIAZZA MINGHETTI,Santo Stefano
PIAZZA PORTA RAVEGNANA,Santo Stefano
PIAZZA RE ENZO,Santo Stefano
PIAZZA ROSSINI,Santo Stefano
PIAZZA S.DOMENICO,Santo Stefano
PIAZZA S.MARTINO,Santo Stefano
PIAZZA S.MICHELE,Santo Stefano
PIAZZA TRENTO E TRIESTE,Santo Stefano
PIAZZA VITTORIO PUNTONI,Santo Stefano
PIAZZA XX SETTEMBRE,Santo Stefano
PIAZZALE CAMILLO BALDI,Santo Stefano
PIAZZALE GIUSEPPE BACCHELLI,Santo Stefano
PIAZZALE MARIO JACCHIA,Santo Stefano
PIAZZALE S.MICHELE IN BOSCO,Santo Stefano
PIAZZETTA ACHILLE ARDIGO',Santo Stefano
PIAZZETTA DEI CARABINIERI,Santo Stefano
PIAZZETTA DEI SERVI DI MARIA,Santo Stefano
PIAZZETTA FRANCESCO MOLINARI PRADELLI,Santo Stefano
PIAZZETTA GIORGIO MORANDI,Santo Stefano
PIAZZETTA MARCO BIAGI,Santo Stefano
PIAZZETTA PRENDIPARTE,Santo Stefano
PIAZZETTA ROBERTO RAVIOLA,Santo Stefano
PIAZZETTA ROSA BIANCA,Santo Stefano
RAMPA MAGG. LEOPOLDO SERRA,Santo Stefano
ROTONDA CADUTI DI NASSIRYA,Santo Stefano
SALITA DI SAN BENEDETTO,Santo Stefano
STRADA MAGGIORE,Santo Stefano
VIA ACHILLE CASANOVA,Santo Stefano
VIA ACHILLINI,Santo Stefano
VIA ADELAIDE BORGHI MAMO,Santo Stefano
VIA ADOLFO ALBERTAZZI,Santo Stefano
VIA AGAMENNONE ZAPPOLI,Santo Stefano
VIA ALAMANDINI,Santo Stefano
VIA ALBANO SORBELLI,Santo Stefano
VIA ALBERTO MASSONE,Santo Stefano
VIA ALBIROLI,Santo Stefano
VIA ALESSANDRINI,Santo Stefano
VIA ALESSANDRO BONCI,Santo Stefano
VIA ALESSANDRO CODIVILLA,Santo Stefano
VIA ALFONSO RUBBIANI,Santo Stefano
VIA ALFREDO CATALANI,Santo Stefano
VIA ALFREDO PROTTI,Santo Stefano
VIA ALTABELLA,Santo Stefano
VIA ANGELO FINELLI,Santo Stefano
VIA ANTONIO BASOLI,Santo Stefano
VIA ANTONIO BERTOLONI,Santo Stefano
VIA ANTONIO STOPPANI,Santo Stefano
VIA ARIENTI,Santo Stefano
VIA ARISTIDE BUSI,Santo Stefano
VIA ARMANDO QUADRI,Santo Stefano
VIA ARTURO TOSCANINI,Santo Stefano
VIA ATTILIO MUGGIA,Santo Stefano
VIA AUGUSTO GAUDENZI,Santo Stefano
VIA AUGUSTO MURRI,Santo Stefano
VIA AUGUSTO RIGHI,Santo Stefano
VIA AUGUSTO ROMAGNOLI,Santo Stefano
VIA AURELIANO PERTILE,Santo Stefano
VIA BAGNI DI MARIO,Santo Stefano
VIA BALDASSARRE CARRATI,Santo Stefano
VIA BEGATTO,Santo Stefano
VIA BELLACOSTA,Santo Stefano
VIA BELLOMBRA,Santo Stefano
VIA BELMELORO,Santo Stefano
VIA BENEDETTO XIV,Santo Stefano
VIA BENIAMINO GIGLI,Santo Stefano
VIA BERENGARIO DA CARPI,Santo Stefano
VIA BERTIERA,Santo Stefano
VIA BORGOLOCCHI,Santo Stefano
VIA BORGONUOVO,Santo Stefano
VIA BRAINA,Santo Stefano
VIA BROCCAINDOSSO,Santo Stefano
VIA CADUTI DI CEFALONIA,Santo Stefano
VIA CALDARESE,Santo Stefano
VIA CALZOLERIE,Santo Stefano
VIA CANONICA,Santo Stefano
VIA CAPO DI LUCCA,Santo Stefano
VIA CAPRARIE,Santo Stefano
VIA CARBONARA,Santo Stefano
VIA CARLO FRANCIONI,Santo Stefano
VIA CARLO SIGONIO,Santo Stefano
VIA CAROLINA CORONEDI BERTI,Santo Stefano
VIA CARTOLERIA,Santo Stefano
VIA CASTEL TIALTO,Santo Stefano
VIA CASTELLATA,Santo Stefano
VIA CASTIGLIONE,Santo Stefano
VIA CAVAIONI,Santo Stefano
VIA CAVALLINA,Santo Stefano
VIA CENTOTRECENTO,Santo Stefano
VIA CESARE TARUFFI,Santo Stefano
VIA CHERUBINO GHIRARDACCI,Santo Stefano
VIA CHIUDARE,Santo Stefano
VIA CINO DA PISTOIA,Santo Stefano
VIA CIRO MENOTTI,Santo Stefano
VIA CLAVATURE,Santo Stefano
VIA CLEMENTE PRIMODI',Santo Stefano
VIA CLOTILDE TAMBRONI,Santo Stefano
VIA DAL LUZZO,Santo Stefano
VIA DANTE,Santo Stefano
VIA DE' BUTTIERI,Santo Stefano
VIA DE' CASTAGNOLI,Santo Stefano
VIA DE' CHIARI,Santo Stefano
VIA DE' COLTELLI,Santo Stefano
VIA DE' FOSCHERARI,Santo Stefano
VIA DE' GIUDEI,Santo Stefano
VIA DE' LEPROSETTI,Santo Stefano
VIA DE' MATTUIANI,Santo Stefano
VIA DE' MUSEI,Santo Stefano
VIA DE' PEPOLI,Santo Stefano
VIA DE' PIGNATTARI,Santo Stefano
VIA DE' POETI,Santo Stefano
VIA DE' RUINI,Santo Stefano
VIA DE' TOSCHI,Santo Stefano
VIA DEGLI ALBARI,Santo Stefano
VIA DEGLI ANGELI,Santo Stefano
VIA DEGLI ARTIERI,Santo Stefano
VIA DEGLI OREFICI,Santo Stefano
VIA DEGLI ORTI,Santo Stefano
VIA DEGLI SCALINI,Santo Stefano
VIA DEI BERSAGLIERI,Santo Stefano
VIA DEI BIBIENA,Santo Stefano
VIA DEI BORGOGNONI,Santo Stefano
VIA DEI COLLI,Santo Stefano
VIA DEI LAMPONI,Santo Stefano
VIA DEI MIRTILLI,Santo Stefano
VIA DEI POZZETTI,Santo Stefano
VIA DEI SABBIONI,Santo Stefano
VIA DEL BARACCANO,Santo Stefano
VIA DEL BORGO DI S.PIETRO,Santo Stefano
VIA DEL CANE,Santo Stefano
VIA DEL CARRO,Santo Stefano
VIA DEL CESTELLO,Santo Stefano
VIA DEL FICO,Santo Stefano
VIA DEL FORTE,Santo Stefano
VIA DEL GUASTO,Santo Stefano
VIA DEL MONTE,Santo Stefano
VIA DEL PAGNONE,Santo Stefano
VIA DEL PALLONE,Santo Stefano
VIA DEL PIOMBO,Santo Stefano
VIA DELL'ARCHIGINNASIO,Santo Stefano
VIA DELL'INDIPENDENZA,Santo Stefano
VIA DELL'INFERNO,Santo Stefano
VIA DELL'ORO,Santo Stefano
VIA DELL'OSSERVANZA,Santo Stefano
VIA DELL'UNIONE,Santo Stefano
VIA DELLA FRATTA,Santo Stefano
VIA DELLA TORRE,Santo Stefano
VIA DELLA TRAPPOLA,Santo Stefano
VIA DELLE BELLE ARTI,Santo Stefano
VIA DELLE DONZELLE,Santo Stefano
VIA DELLE FRAGOLE,Santo Stefano
VIA DELLE LASTRE,Santo Stefano
VIA DELLE MOLINE,Santo Stefano
VIA DELLE MORE,Santo Stefano
VIA DELLE OCHE,Santo Stefano
VIA DELLE ROSE,Santo Stefano
VIA DELLE TOVAGLIE,Santo Stefano
VIA DELLO STERLINO,Santo Stefano
VIA DI BARBIANO,Santo Stefano
VIA DI FRINO,Santo Stefano
VIA DI GAIBOLA,Santo Stefano
VIA DI JANO,Santo Stefano
VIA DI PADERNO,Santo Stefano
VIA DI RONCRIO,Santo Stefano
VIA DI SABBIUNO,Santo Stefano
VIA DI SESTO,Santo Stefano
VIA DOMENICO GUGLIELMINI,Santo Stefano
VIA DOMENICO MORELLI,Santo Stefano
VIA DON OLINTO MARELLA,Santo Stefano
VIA DRAPPERIE,Santo Stefano
VIA ELEONORA SANGUINETTI,Santo Stefano
VIA EMILIA LEVANTE,Santo Stefano
VIA EMILIO BAUMANN,Santo Stefano
VIA ENRICO CARUSO,Santo Stefano
VIA ENRICO REDENTI,Santo Stefano
VIA ERNESTO MASI,Santo Stefano
VIA FARINI,Santo Stefano
VIA FEDERICO VENTURINI,Santo Stefano
VIA FILIPPO ARGELATI,Santo Stefano
VIA FILIPPO RE,Santo Stefano
VIA FIORITA,Santo Stefano
VIA FONDAZZA,Santo Stefano
VIA FOSSALTA,Santo Stefano
VIA FRANCESCO ACRI,Santo Stefano
VIA FRANCESCO CAVAZZA,Santo Stefano
VIA FRANCESCO PETRARCA,Santo Stefano
VIA FRANCESCO SELMI,Santo Stefano
VIA FRANCESCO TAMAGNO,Santo Stefano
VIA FRANCESCO TODARO,Santo Stefano
VIA FRANCESCO ZAMBRINI,Santo Stefano
VIA G.BATTISTA DE ROLANDIS,Santo Stefano
VIA GAETANO GIORDANI,Santo Stefano
VIA GAETANO MONTI,Santo Stefano
VIA GAETANO PREVIATI,Santo Stefano
VIA GAIBARA,Santo Stefano
VIA GARIBALDI,Santo Stefano
VIA GAROFALO,Santo Stefano
VIA GASPARE NADI,Santo Stefano
VIA GASPARE TAGLIACOZZI,Santo Stefano
VIA GERUSALEMME,Santo Stefano
VIA GHERARDO FORNI,Santo Stefano
VIA GIACOMO MATTEOTTI,Santo Stefano
VIA GIACOMO TOMMASINI,Santo Stefano
VIA GIAMPIETRO ZANOTTI,Santo Stefano
VIA GIANLODOVICO BIANCONI,Santo Stefano
VIA GINO ROCCHI,Santo Stefano
VIA GINO TINOZZI,Santo Stefano
VIA GIORGIO PERLASCA,Santo Stefano
VIA GIOVAN BATTISTA GANDINO,Santo Stefano
VIA GIOVANNI BOCCACCIO,Santo Stefano
VIA GIOVANNI CAPELLINI,Santo Stefano
VIA GIOVANNI MARCHETTI,Santo Stefano
VIA GIOVANNI MASSEI,Santo Stefano
VIA GIOVANNI PASCOLI,Santo Stefano
VIA GIULIO CESARE ARANZIO,Santo Stefano
VIA GIULIO CESARE CROCE,Santo Stefano
VIA GIULIO CESARE PUPILLI,Santo Stefano
VIA GIUSEPPE ALBINI,Santo Stefano
VIA GIUSEPPE CESARE GUALANDI,Santo Stefano
VIA GIUSEPPE DAGNINI,Santo Stefano
VIA GIUSEPPE GUIDICINI,Santo Stefano
VIA GIUSEPPE MARTUCCI,Santo Stefano
VIA GIUSEPPE MEZZOFANTI,Santo Stefano
VIA GIUSEPPE PETRONI,Santo Stefano
VIA GIUSEPPE RUGGI,Santo Stefano
VIA GOITO,Santo Stefano
VIA GOLFREDA,Santo Stefano
VIA GRAZIOLO BAMBAGLIOLI,Santo Stefano
VIA GUAZZALOCA,Santo Stefano
VIA GUERRAZZI,Santo Stefano
VIA GUGLIELMO OBERDAN,Santo Stefano
VIA GUIDO GUINIZELLI,Santo Stefano
VIA GUIDO RENI,Santo Stefano
VIA GUIDO ZUCCHINI,Santo Stefano
VIA IACOPO BAROZZI,Santo Stefano
VIA IRNERIO,Santo Stefano
VIA JACOPO B.BECCARI,Santo Stefano
VIA JACOPO DELLA LANA,Santo Stefano
VIA LAURA BASSI VERATTI,Santo Stefano
VIA LEANDRO ALBERTI,Santo Stefano
VIA LETIZIA,Santo Stefano
VIA LODERINGO DEGLI ANDALO',Santo Stefano
VIA LODOVICO SAVIOLI,Santo Stefano
VIA LODOVICO VARTHEMA,Santo Stefano
VIA LODOVICO ZAMENHOF,Santo Stefano
VIA LUCA GHINI,Santo Stefano
VIA LUIGI CONCATO,Santo Stefano
VIA LUIGI SILVAGNI,Santo Stefano
VIA MALCONTENTI,Santo Stefano
VIA MALVOLTA,Santo Stefano
VIA MARCHESANA,Santo Stefano
VIA MARSALA,Santo Stefano
VIA MARSILI,Santo Stefano
VIA MASCARELLA,Santo Stefano
VIA MASSIMILIANO ANGELELLI,Santo Stefano
VIA MAURO SARTI,Santo Stefano
VIA MAURO TESI,Santo Stefano
VIA MAZZINI,Santo Stefano
VIA MENTANA,Santo Stefano
VIA MEZZACOSTA,Santo Stefano
VIA MIRAMONTE,Santo Stefano
VIA MIRASOLE,Santo Stefano
VIA MORANDI,Santo Stefano
VIA NICCOLO' PAGANINI,Santo Stefano
VIA ODOFREDO,Santo Stefano
VIA ORFEO,Santo Stefano
VIA PAGLIA,Santo Stefano
VIA PAGLIETTA,Santo Stefano
VIA PAOLO COSTA,Santo Stefano
VIA PARISIO,Santo Stefano
VIA PELAGIO PALAGI,Santo Stefano
VIA PELLEGRINO MATTEUCCI,Santo Stefano
VIA PELLIZZA DA VOLPEDO,Santo Stefano
VIA PESCHERIE VECCHIE,Santo Stefano
VIA PIANORO,Santo Stefano
VIA PIELLA,Santo Stefano
VIA PIER GABRIELE GOIDANICH,Santo Stefano
VIA PIER PAOLO MOLINELLI,Santo Stefano
VIA PIERO MARONCELLI,Santo Stefano
VIA PIETRO ALBERTONI,Santo Stefano
VIA PIETRO DI MATTIOLO,Santo Stefano
VIA QUIRINO MAJORANA,Santo Stefano
VIA REMORSELLA,Santo Stefano
VIA RIALTO,Santo Stefano
VIA RIVABELLA,Santo Stefano
VIA RIZZOLI,Santo Stefano
VIA ROLANDINO,Santo Stefano
VIA RUGGERO LEONCAVALLO,Santo Stefano
VIA S. BARBARA,Santo Stefano
VIA S. LIBERATA,Santo Stefano
VIA S. MARGHERITA AL COLLE,Santo Stefano
VIA S.ALO',Santo Stefano
VIA S.APOLLONIA,Santo Stefano
VIA S.CHIARA,Santo Stefano
VIA S.DOMENICO,Santo Stefano
VIA S.FREDIANO,Santo Stefano
VIA S.GIACOMO,Santo Stefano
VIA S.GIULIANO,Santo Stefano
VIA S.LEONARDO,Santo Stefano
VIA S.MAMOLO,Santo Stefano
VIA S.NICOLO',Santo Stefano
VIA S.PETRONIO VECCHIO,Santo Stefano
VIA S.SIGISMONDO,Santo Stefano
VIA S.SIMONE,Santo Stefano
VIA S.STEFANO,Santo Stefano
VIA S.VITALE,Santo Stefano
VIA S.VITTORE,Santo Stefano
VIA SALVATORE MUZZI,Santo Stefano
VIA SAMPIERI,Santo Stefano
VIA SAN TOMMASO DEL MERCATO,Santo Stefano
VIA SANTA,Santo Stefano
VIA SAVENELLA,Santo Stefano
VIA SERGIO TAVERNARI,Santo Stefano
VIA SEVERINO FERRARI,Santo Stefano
VIA SIEPELUNGA,Santo Stefano
VIA SOLFERINO,Santo Stefano
VIA SS.ANNUNZIATA,Santo Stefano
VIA STALINGRADO,Santo Stefano
VIA STEFANO GOBATTI,Santo Stefano
VIA TORLEONE,Santo Stefano
VIA TORRIANE,Santo Stefano
VIA TRANQUILLO CREMONA,Santo Stefano
VIA ULISSE GARDINI,Santo Stefano
VIA UMBERTO MONARI,Santo Stefano
VIA VALDONICA,Santo Stefano
VIA VALLESCURA,Santo Stefano
VIA VALVERDE,Santo Stefano
VIA VASCELLI,Santo Stefano
VIA VINAZZETTI,Santo Stefano
VIA VINCENZO MARTINELLI,Santo Stefano
VIA VINCENZO TOFFANO,Santo Stefano
VIA VITTORIO PUTTI,Santo Stefano
VIA XX OTTOBRE 1944,Santo Stefano
VIA ZAMBONI,Santo Stefano
VIALE ALFREDO ORIANI,Santo Stefano
VIALE ANGELO MASINI,Santo Stefano
VIALE ANTONIO ALDINI,Santo Stefano
VIALE CARLO BERTI PICHAT,Santo Stefano
VIALE DANTE DRUSIANI,Santo Stefano
VIALE DEL RISORGIMENTO,Santo Stefano
VIALE DODICI GIUGNO,Santo Stefano
VIALE ENRICO PANZACCHI,Santo Stefano
VIALE FRANCESCO DELITALA,Santo Stefano
VIALE GIAN BATTISTA ERCOLANI,Santo Stefano
VIALE GINO GAMBERINI,Santo Stefano
VIALE GIOSUE' CARDUCCI,Santo Stefano
VIALE GIOVANNI GOZZADINI,Santo Stefano
VIALE LIBERO LOSSANTI,Santo Stefano
VIALE MARIO GIURINI,Santo Stefano
VIALE MASSIMILIANO BRUNO,Santo Stefano
VIALE MASSIMO MELICONI,Santo Stefano
VIALE MEDARDO BOTTONELLI,Santo Stefano
VIALE OSCAR SCAGLIETTI,Santo Stefano
VIALE QUIRICO FILOPANTI,Santo Stefano
VIALE RINO CRISTIANI,Santo Stefano
VIALE STENIO POLISCHI,Santo Stefano
VICOLO ALEMAGNA,Santo Stefano
VICOLO BARBAZZI,Santo Stefano
VICOLO BIANCHETTI,Santo Stefano
VICOLO BOLOGNETTI,Santo Stefano
VICOLO BORCHETTA,Santo Stefano
VICOLO BROGLIO,Santo Stefano
VICOLO CATTANI,Santo Stefano
VICOLO COLOMBINA,Santo Stefano
VICOLO DE' FACCHINI,Santo Stefano
VICOLO DEL FALCONE,Santo Stefano
VICOLO DELL'ORTO,Santo Stefano
VICOLO DELLE DAME,Santo Stefano
VICOLO FANTUZZI,Santo Stefano
VICOLO LURETTA,Santo Stefano
VICOLO MALGRADO,Santo Stefano
VICOLO MANDRIA,Santo Stefano
VICOLO MARISCOTTI,Santo Stefano
VICOLO MONTICELLI,Santo Stefano
VICOLO POSTERLA,Santo Stefano
VICOLO RANOCCHI,Santo Stefano
VICOLO S.DAMIANO,Santo Stefano
VICOLO S.GIOBBE,Santo Stefano
VICOLO S.LUCIA,Santo Stefano
VICOLO TUBERTINI,Santo Stefano
VICOLO VIAZZOLO,Santo Stefano
VOLTONE DEL PODESTA',Santo Stefano
LA BASTIA,Savena
LARGO BRESCIA,Savena
P.LE ATLETI AZZURRI D'ITALIA,Savena
PASSAGGIO GIOVANNI PALATUCCI,Savena
PIAZZA BELLUNO,Savena
PIAZZA CADUTI DI S.RUFFILLO,Savena
PIAZZA GRIGORIS LAMBRAKIS,Savena
PIAZZALE LUCIANO ANCESCHI,Savena
PIAZZALE TINA MERLIN,Savena
ROTONDA BRIGATA PARACADUTISTI FOLGORE,Savena
ROTONDA CADUTI ITALIANI IN MISSIONE DI PACE,Savena
ROTONDA CHARLES DE GAULLE,Savena
ROTONDA DECORATI AL VALOR MILITARE,Savena
ROTONDA DISPERSI DEL NAUFRAGIO DEL PIROSCAFO ORIA,Savena
ROTONDA ORSOLA MEZZINI,Savena
ROTONDA PRINCIPESSA MAFALDA DI SAVOIA,Savena
ROTONDA VERENIN GRAZIA,Savena
SOTTOPASSO ARMANDO TOMESANI,Savena
VIA A. BACCHI DELLA LEGA,Savena
VIA ABRUZZO,Savena
VIA ADIGE,Savena
VIA ALBA,Savena
VIA ALBERTO DALLOLIO,Savena
VIA ALBERTO FRANCHETTI,Savena
VIA ALBERTO LEGNANI,Savena
VIA ALBERTO MARIO,Savena
VIA ALBERTO ROVIGHI,Savena
VIA ALESSANDRO ANTONELLI,Savena
VIA ALESSANDRO CORTICELLI,Savena
VIA ALESSANDRO FLEMING,Savena
VIA ALFONSINE,Savena
VIA ALFONSO CORRADI,Savena
VIA ALFREDO BARBACCI,Savena
VIA ALTURA,Savena
VIA AMICO ASPERTINI,Savena
VIA AMILCARE PONCHIELLI,Savena
VIA AMLETO ZECCHI,Savena
VIA ANGELO MARIANI,Savena
VIA ANTONELLO DA MESSINA,Savena
VIA ANTONIO FIACCHI,Savena
VIA ANTONIO FONTANESI,Savena
VIA ANTONIO LABRIOLA,Savena
VIA ANTONIO MARIA VALSALVA,Savena
VIA ANTONIO PACINOTTI,Savena
VIA ANTONIO ROSMINI,Savena
VIA ANTONIO SALIERI,Savena
VIA ANTONIO VIVALDI,Savena
VIA ARCANGELO CORELLI,Savena
VIA ARGONNE,Savena
VIA ARNO,Savena
VIA BARTOLOMEO MARIA DAL MONTE,Savena
VIA BASSANO DEL GRAPPA,Savena
VIA BELLARIA,Savena
VIA BENEDETTO MARCELLO,Savena
VIA BENOZZO GOZZOLI,Savena
VIA BEPPE FENOGLIO,Savena
VIA BERENGARIO DA CARPI,Savena
VIA BERNARDINO TELESIO,Savena
VIA BEZZECCA,Savena
VIA BOVES,Savena
VIA BRENTA,Savena
VIA BRUNO MUGELLINI,Savena
VIA BUON PASTORE,Savena
VIA CADUTI E DISP. IN GUERRA,Savena
VIA CAGLIARI,Savena
VIA CALABRIA,Savena
VIA CALANCO,Savena
VIA CAMILLO OBLACH,Savena
VIA CARDINALE G. DE ALBORNOZ,Savena
VIA CARLO CARLI,Savena
VIA CARLO MARX,Savena
VIA CASSINO,Savena
VIA CAVEDONE,Savena
VIA CESARE PAVESE,Savena
VIA CESARE ZUCCARDI MERLI,Savena
VIA CORRADO MAZZONI,Savena
VIA CRACOVIA,Savena
VIA CROARA,Savena
VIA CROCE DI CAMALDOLI,Savena
VIA CUNEO,Savena
VIA DEGLI ORTI,Savena
VIA DEGLI ORTOLANI,Savena
VIA DEI MACERI,Savena
VIA DEI SETTE LEONCINI,Savena
VIA DEL PALEOTTO,Savena
VIA DEL PERUGINO,Savena
VIA DEL PICCHIO,Savena
VIA DEL POGGIO,Savena
VIA DEL POZZO,Savena
VIA DELL'ANGELO CUSTODE,Savena
VIA DELL'AURORA,Savena
VIA DELL'UCCELLINO,Savena
VIA DELLA BATTAGLIA,Savena
VIA DELLA CAVA,Savena
VIA DELLA DIRETTISSIMA,Savena
VIA DELLA FOSCHERARA,Savena
VIA DELLA FRASCA,Savena
VIA DELLA PALMA,Savena
VIA DELLE ARMI,Savena
VIA DELLE FOSSE ARDEATINE,Savena
VIA DELLO SPALTO,Savena
VIA DI JOLA,Savena
VIA DI MONTE DONATO,Savena
VIA DOMENICO CIMAROSA,Savena
VIA DOMENICO SCARLATTI,Savena
VIA DOMODOSSOLA,Savena
VIA DOMOKOS,Savena
VIA DON LUIGI GUANELLA,Savena
VIA DUE MADONNE,Savena
VIA EMILIA LEVANTE,Savena
VIA ENRICO GOLINELLI,Savena
VIA ERCOLE LELLI,Savena
VIA ETRURIA,Savena
VIA ETTORE NADALINI,Savena
VIA FAENZA,Savena
VIA FEDERIGO ENRIQUES,Savena
VIA FELTRE,Savena
VIA FERRARA,Savena
VIA FILIPPINI,Savena
VIA FIORITA,Savena
VIA FIRENZE,Savena
VIA FOSSOLO,Savena
VIA FRANCESCO BRIZZI,Savena
VIA FRANCESCO CAVAZZONI,Savena
VIA FRANCESCO CILEA,Savena
VIA FRANCESCO NULLO,Savena
VIA FRANCESCO S. MERCADANTE,Savena
VIA FRANCESCO SERATO,Savena
VIA FRANCO ALFANO,Savena
VIA FRIULI-VENEZIA GIULIA,Savena
VIA GAETANO DONIZETTI,Savena
VIA GAETANO TACCONI,Savena
VIA GAIBARA,Savena
VIA GASPARE NADI,Savena
VIA GASPARE TAGLIACOZZI,Savena
VIA GENOVA,Savena
VIA GEROLAMO RAINALDI,Savena
VIA GHERARDO GHIRARDINI,Savena
VIA GIACOMO FILIPPO NOVARO,Savena
VIA GIACOMO PUCCINI,Savena
VIA GIAN GIACOMO CARISSIMI,Savena
VIA GIANBATTISTA TIEPOLO,Savena
VIA GIORDANO BRUNO,Savena
VIA GIOV.BATTISTA PERGOLESI,Savena
VIA GIOVAN BATTISTA CORTESI,Savena
VIA GIOVANNI ANTONIO MAGINI,Savena
VIA GIOVANNI DUPRE',Savena
VIA GIOVANNI FAVILLI,Savena
VIA GIOVANNI SEBASTIANO BACH,Savena
VIA GIROLAMO FRESCOBALDI,Savena
VIA GIULIO GAIST,Savena
VIA GIUSEPPE ATTI,Savena
VIA GIUSEPPE BANDI,Savena
VIA GIUSEPPE BORGATTI,Savena
VIA GIUSEPPE BOSI,Savena
VIA GIUSEPPE CESARE ABBA,Savena
VIA GIUSEPPE DOZZA,Savena
VIA GIUSEPPE TORELLI,Savena
VIA GUAZZALOCA,Savena
VIA IPPOLITO NIEVO,Savena
VIA ISTRIA,Savena
VIA LANCIANO,Savena
VIA LAZIO,Savena
VIA LIDICE,Savena
VIA LIGURIA,Savena
VIA LOMBARDIA,Savena
VIA LONGARONE,Savena
VIA LORENZO BARTOLINI,Savena
VIA LUCA MARENZIO,Savena
VIA LUCA SIGNORELLI,Savena
VIA LUCANIA,Savena
VIA LUDWIG VAN BEETHOVEN,Savena
VIA LUIGI BOMBICCI,Savena
VIA LUIGI CHERUBINI,Savena
VIA LUIGI FANTINI,Savena
VIA LUIGI LONGO,Savena
VIA LUIGI TUKORY,Savena
VIA M. E L. MANCINELLI,Savena
VIA MALVEZZA,Savena
VIA MARCELLO ORETTI,Savena
VIA MARCHE,Savena
VIA MARIO LONGHENA,Savena
VIA MASSA CARRARA,Savena
VIA MICHELE AMARI,Savena
VIA MILANO,Savena
VIA MINCIO,Savena
VIA MISA,Savena
VIA MODENA,Savena
VIA MOLISE,Savena
VIA MONTELUNGO,Savena
VIA NAPOLI,Savena
VIA NICOLO' PASQUALI ALIDOSI,Savena
VIA ORAZIO SAMACCHINI,Savena
VIA OSOPPO,Savena
VIA PABLO NERUDA,Savena
VIA PADOVA,Savena
VIA PAGANINO BONAFEDE,Savena
VIA PAOLO BARONI,Savena
VIA PARISIO,Savena
VIA PARMA,Savena
VIA PASQUALE VILLARI,Savena
VIA PELLEGRINO A. ORLANDI,Savena
VIA PIACENZA,Savena
VIA PIEMONTE,Savena
VIA PIER LUIGI DA PALESTRINA,Savena
VIA PIER PAOLO MOLINELLI,Savena
VIA PIETRANSIERI,Savena
VIA PIETRO CANONICI,Savena
VIA PIETRO DA ANZOLA,Savena
VIA PIETRO GIANNONE,Savena
VIA PIETRO GUBELLINI,Savena
VIA PIETRO MASCAGNI,Savena
VIA PIETRO POMPONAZZI,Savena
VIA PIEVE DI CADORE,Savena
VIA PO,Savena
VIA PONTEVECCHIO,Savena
VIA POPULONIA,Savena
VIA PORTAZZA,Savena
VIA PUGLIE,Savena
VIA RAMBERTINO BUVALELLI,Savena
VIA RAVENNA,Savena
VIA REGGIO EMILIA,Savena
VIA RICCARDO STRACCIARI,Savena
VIA RIO POLO,Savena
VIA ROBERTO ARDIGO',Savena
VIA RODOLFO MONDOLFO,Savena
VIA ROMAGNA,Savena
VIA ROSELLE,Savena
VIA S.RUFFILLO,Savena
VIA SALVADOR ALLENDE,Savena
VIA SARDEGNA,Savena
VIA SAVENA ANTICO,Savena
VIA SAVIGNO,Savena
VIA SAVONA,Savena
VIA SESTO SAN GIOVANNI,Savena
VIA SICILIA,Savena
VIA SIEPELUNGA,Savena
VIA SPINA,Savena
VIA TAGLIAMENTO,Savena
VIA TEVERE,Savena
VIA TITTA RUFFO,Savena
VIA TOMASO ALBINONI,Savena
VIA TOMMASO CAMPANELLA,Savena
VIA TOMMASO LAURETI,Savena
VIA TORINO,Savena
VIA TOSCANA,Savena
VIA TREVISO,Savena
VIA UDINE,Savena
VIA UMBERTO GIORDANO,Savena
VIA UMBRIA,Savena
VIA VALLE D'AOSTA,Savena
VIA VENEZIA,Savena
VIA VENTIMIGLIA,Savena
VIA VERMENA,Savena
VIA VETULONIA,Savena
VIA VICENZA,Savena
VIA VINCENZO BELLINI,Savena
VIA VINCENZO GEMITO,Savena
VIA VITTORE CARPACCIO,Savena
VIALE ABRAMO LINCOLN,Savena
VIALE FELSINA,Savena
VIALE ILIC ULJANOV LENIN,Savena
VIALE JOSEMARIA ESCRIVA',Savena
VIALE LUNGOSAVENA,Savena
VIALE ROBERTO VIGHI,Savena
VIALE ROMA,Savena
VIALE SERGIO CAVINA,Savena
VICOLO BIANCO,Savena
VICOLO CASE,Savena
VICOLO DEL BOSCO,Savena